id_studenta,imiê,nazwisko,id_uczelni,kod_pocztowy,id_miasta,Dochod_na_osobe,Rok_studiow
1,Jadwiga,Baranowska,5,80-338,89,2382,I
2,Zofia,Chorzowska,1,66-219,149,1549,II
3,Katarzyna,Bilska,5,14-322,104,3037,I
4,Michal,Rada,3,30-136,45,1712,II
5,Pawel,Milek,2,34-607,82,1459,IV
6,Marcin,Biernat,3,99-754,80,931,I
7,Gracja,Bijakowska,2,00-355,153,1482,V
8,Wojciech,Zaluski,3,67-738,63,2141,II
9,Martyn,Kowalski,5,96-497,116,2713,V
10,Jolanta,Ochala,5,24-983,158,3332,V
11,Przemyslaw,Planeta,1,69-501,7,444,V
12,Barbara,Michalska,3,12-684,157,2368,I
13,Kamil,Berakacz,2,94-560,87,1765,I
14,Teresa,Kuc,5,98-650,61,2602,II
15,Matylda,Zielinska,9,99-436,202,2949,I
16,Wieslawa,Babiarz,5,27-702,135,1576,II
17,Natalia,Barton,10,14-721,170,409,I
18,Alojzy,Wolak,9,24-983,158,1767,IV
19,Daniel,Lisiecki,5,75-361,180,1867,I
20,Adam,Bzinkowski,3,89-735,159,782,I
21,Andrzej,Tokarski,5,04-419,140,2580,I
22,Gabriela,Kolska,5,13-220,121,1111,I
23,Bogumila,Kolodziej,5,84-043,125,630,II
24,Augustyna,Swierkowska,9,18-286,155,1489,IV
25,Tomasz,Tutaj,2,76-235,22,3079,II
26,Sylwester,Jarecki,6,71-890,160,3222,IV
27,Antoni,Banakiewicz,3,99-436,202,1003,I
28,Piotr,Skiba,3,65-385,100,2917,III
29,Lidia,Kazdron,3,84-273,207,2646,III
30,Karol,Krol,7,96-703,16,365,I
31,Beata,Kotlarska,3,15-658,171,1638,I
32,Jan,Tyranowski,5,72-241,71,3333,III
33,Celina,Koral,3,04-834,42,1242,V
34,Jacek,Witebski,5,86-116,26,1168,I
35,Karol,Kedzierski,3,22-623,108,1374,III
36,Bartosz,Samek,2,34-607,82,543,I
37,Natalia,Goral,3,13-220,121,1947,I
38,Janusz,Figielski,5,95-084,189,2223,I
39,Henryk,Klosinski,6,30-698,152,1611,I
40,Krzysztof,Dyszy,4,24-983,158,2898,I
41,Barbara,Szelest,5,13-220,121,1666,I
42,Monika,Chojecka,5,95-186,81,2124,I
43,Elzbieta,Jandura,5,72-297,126,1552,V
44,Roman,Aron,5,07-772,33,997,I
45,Joanna,Lodziarz,5,27-535,99,602,I
46,Martyna,Bobrowska,3,70-459,54,1263,III
47,Dominik,Zagajewski,2,14-721,170,448,V
48,Marianna,Lyszkowska,3,22-593,188,2334,I
49,Anna,Tabor,2,86-116,26,1777,I
50,Marek,Frymarkiewicz,2,67-547,201,1712,I
51,Gerard,Graczynski,7,74-768,156,1573,I
52,Stefan,Skoczkowski,5,14-721,170,2279,II
53,Gabriela,Kawka,9,75-057,6,2273,II
54,Klementyna,Bobkowicz,5,58-922,215,3056,III
55,Artur,Bartoszewicz,9,42-081,167,2177,I
56,Michal,Grzesiak,2,62-182,209,2239,V
57,Ewelina,Korpet,5,51-637,194,2204,V
58,Radomila,Bojka,9,27-535,99,1403,III
59,Maciej,Drozdzik,2,75-361,180,1142,V
60,Jerzy,Przybylski,9,38-932,183,979,I
61,Hanna,Baron,3,92-050,59,2509,I
62,Teresa,Bajerska,9,62-560,192,3010,II
63,Danuta,Bednar,3,00-137,220,1933,I
64,Boguslawa,Keta,3,69-501,7,3013,II
65,Beata,Grabowska,2,82-082,129,2838,V
66,Stefania,Zakrzewska,2,98-902,173,420,II
67,Anna,Barcikowska,2,60-915,102,3099,I
68,Tadeusz,Holski,3,15-658,171,1945,II
69,Aleksandra,Drabicka,5,68-101,25,2163,I
70,Igor,Krynicki,2,18-286,155,1248,I
71,Boleslaw,Ludziejewski,2,84-043,125,2979,I
72,Danuta,Wojciechowska,5,69-501,7,1298,V
73,Katarzyna,Kausek,7,60-596,172,847,I
74,Maria,Swoboda,3,90-272,98,1032,I
75,Witold,Basik,2,53-306,30,2428,II
76,Brygida,Mika,3,85-266,185,562,IV
77,Mariola,Barszczon,7,27-702,135,2664,I
78,Karina,Wozniak,2,96-087,11,2485,V
79,Michal,Kostrzewa,2,72-241,71,2267,III
80,Artur,Duszczyk,2,58-922,215,715,I
81,Nikodem,Nowicki,9,67-738,63,1703,V
82,Jadwiga,Borek,5,83-630,123,1634,V
83,Jaroslaw,Firek,8,92-050,59,2697,IV
84,Grzegorz,Podsiadly,9,38-932,183,1454,I
85,Wawrzyniec,Kalinowski,5,82-082,129,875,V
86,Boleslaw,Drozdz,5,80-436,143,1233,I
87,Korneliusz,Gajos,3,69-204,136,1517,II
88,Agnieszka,Muszynska,5,75-727,28,795,I
89,Alicja,Bankowska,5,38-932,183,2913,I
90,Barbara,Boronowska,1,04-274,75,874,I
91,Ireneusz,Pazdziernik,3,36-759,85,2759,II
92,Maciej,Golec,2,33-056,52,1906,II
93,Maciej,Slomczynski,5,84-043,125,710,I
94,Tymon,Czarna,3,32-544,119,1051,IV
95,Janina,Lina,2,00-355,153,2968,I
96,Kaja,Kalwas,5,62-813,124,1600,II
97,Anna,Pulka,5,98-650,61,1600,I
98,Waclawa,Kasperek,2,43-210,49,2710,II
99,Cezary,Karpowicz,2,82-082,129,2993,I
100,Malgorzata,Balcerzak,2,56-921,62,748,I
101,Kacper,Wosik,2,94-560,87,2343,I
102,Stefan,Biegajski,2,96-087,11,1837,II
103,Tomasz,Jasak,5,38-959,147,923,III
104,Witold,Barylkiewicz,4,00-355,153,632,II
105,Michal,Bilski,2,81-133,73,2807,II
106,Kazimierz,Sycowski,8,84-043,125,2331,I
107,Marcin,Bacz,7,78-003,47,2973,I
108,Jolanta,Czubacka,2,27-702,135,2385,I
109,Andrzej,Jurkowski,2,75-361,180,1487,IV
110,Ireneusz,Alotek,2,13-220,121,3140,I
111,Janusz,Judycki,4,33-294,90,1361,I
112,Grazyna,Pawlowska,3,33-056,52,2799,V
113,Adam,Sliz,3,09-592,141,1077,I
114,Damian,Bawicz,3,36-844,72,1161,I
115,Bronislawa,Wegrzyn,3,43-586,154,2404,IV
116,Jaromir,Gonczyk,2,43-586,154,2523,III
117,Amadeusz,Toborek,3,62-049,66,2469,II
118,Jakub,Socha,8,04-274,75,2025,I
119,Katarzyna,Dwornik,2,65-885,164,2745,I
120,Celina,Wisniewska,2,87-348,187,822,I
121,Konstancja,Raszyn,2,36-984,46,2946,II
122,Edyta,Tomczyk,5,53-807,31,2384,II
123,Jerzy,Semeniuk,3,91-525,211,1482,I
124,Helena,Maczynska,5,32-544,119,2171,I
125,Jaroslaw,Bajda,2,43-045,77,1182,I
126,Klemens,Rokosz,3,76-235,22,667,I
127,Jakub,Wtorek,3,97-545,21,3263,V
128,Adrianna,Brzezinska,3,14-721,170,2913,III
129,Karol,Binski,3,47-222,195,2497,I
130,Iwona,Nyska,5,72-241,71,2169,I
131,Cecylia,Czylok,5,81-133,73,828,I
132,Mateusz,Antoniak,3,80-339,18,2699,I
133,Adam,Kaleta,5,13-220,121,1446,I
134,Michal,Salacinski,2,79-726,103,1608,II
135,Krzysztof,Krzesinski,8,36-844,72,2586,I
136,Zofia,Gorajska,3,19-255,130,2428,II
137,Janusz,Aleksandrowicz,2,13-179,40,2701,I
138,Danuta,Zasada,2,62-813,124,525,I
139,Aleksander,Rutkowski,2,00-995,212,560,IV
140,Karina,Mikolajczak,2,33-294,90,642,I
141,Aleksy,Pobereznik,2,98-650,61,3152,III
142,Beata,Domnicz,3,87-324,36,3177,V
143,Juliusz,Blazowski,2,29-325,14,3144,IV
144,Kacper,Stachowicz,5,98-902,173,775,II
145,Paulina,Lewinska,5,38-959,147,714,I
146,Krzysztof,Wroblewski,2,04-419,140,919,I
147,Jan,Bieniek,5,74-768,156,805,I
148,Magdalena,Wawrzyn,2,27-535,99,1189,I
149,Marek,Bakucha,1,75-361,180,3313,I
150,Teofil,Chudy,2,96-497,116,2530,II
151,Krzysztof,Rosiewicz,3,82-082,129,680,I
152,Mikolaj,Jozwiak,3,04-834,42,1880,I
153,Olga,Berus,2,56-921,62,2791,I
154,Halina,Haczyk,5,53-858,148,3243,V
155,Sebastian,Lewandowski,4,14-721,170,1434,II
156,Barbara,Kotwicka,5,16-385,107,2308,V
157,Jerzy,Bolkowicz,3,24-983,158,2451,I
158,Michal,Wojciechowski,2,47-842,181,2423,V
159,Inga,Barskacz,2,42-081,167,2848,I
160,Jerzy,Lubec,2,42-081,167,1599,I
161,Malgorzata,Szulim,2,36-478,32,1899,I
162,Marcin,Hebda,2,30-698,152,2725,I
163,Andrzej,Wieczorek,3,71-890,160,2555,III
164,Jan,Babul,5,00-137,220,2720,I
165,Kinga,Myszograj,3,53-858,148,2155,IV
166,Grazyna,Chrust,2,86-116,26,792,I
167,Dorota,Pietrowicz,2,47-222,195,1071,I
168,Hanna,Wrona,2,66-008,179,1493,V
169,Janusz,Wysocki,8,97-545,21,1191,I
170,Adam,Baryla,3,98-839,24,1347,I
171,Szymon,Duda,5,71-608,210,1160,I
172,Anna,Bialowas,7,66-008,179,1544,I
173,Grzegorz,Szlachcic,3,19-255,130,2675,II
174,Kuba,Hauser,2,13-220,121,2481,IV
175,Dariusz,Adamus,2,03-065,29,813,I
176,Franciszek,Bielanski,3,82-082,129,3125,IV
177,Adam,Konopka,5,24-983,158,1489,V
178,Monika,Lawrynowicz,5,84-043,125,2835,I
179,Kacper,Fastnacht,2,38-932,183,998,I
180,Roman,Persinski,2,11-608,43,1431,II
181,Piotr,Kuter,5,14-721,170,738,I
182,Wojciech,Kujdowicz,5,58-930,97,2637,V
183,Angelika,Merak,3,00-137,220,415,II
184,Anna,Owsianka,2,11-782,105,429,III
185,Walery,Szurkowski,7,14-287,15,352,IV
186,Karol,Kopycki,5,97-545,21,794,I
187,Franciszek,Szombierski,1,46-174,208,698,III
188,Ewelia,Michaliska,2,00-995,212,2309,I
189,Kacper,Slawinski,8,81-133,73,1901,III
190,Ewelina,Hassan,5,18-459,76,2767,V
191,Arkadiusz,Godowski,5,54-632,10,1845,II
192,Tymon,Czarnecki,3,28-079,114,2025,II
193,Alina,Batorek,8,53-858,148,1309,I
194,Michal,Prazuch,2,04-274,75,2534,V
195,Czeslaw,Kos,9,82-082,129,1980,I
196,Jan,Sikorski,2,15-658,171,2217,I
197,Teresa,Polaska,2,83-294,198,2771,II
198,Damian,Kulesza,5,30-698,152,2883,I
199,Robert,Chochol,5,18-459,76,1680,II
200,Anna,ocon,3,91-786,122,3019,III
201,Maria,Wolczynska,5,60-596,172,1862,I
202,Piotr,Bros,5,96-497,116,2849,V
203,Arkadiusz,Bracki,4,81-133,73,2665,V
204,Krzysztof,Checinski,3,29-199,17,2484,I
205,Wiktor,Gorecki,3,49-345,150,3274,II
206,Malgorzata,Stojecka,1,69-501,7,2932,I
207,Karolina,Anuszewska,3,46-174,208,1973,I
208,Janusz,Chmielowski,9,24-983,158,2349,I
209,Zofia,Bujak,8,82-082,129,2484,II
210,Marek,Lichwa,2,37-873,53,2321,V
211,Bozena,Symanska,9,58-922,215,873,III
212,Zofia,Cedrowska,5,62-049,66,805,II
213,Beata,Kowalczyk,2,69-501,7,2191,V
214,Bartlomiej,Stec,5,96-087,11,1453,I
215,Katarzyna,Schmidt,2,13-220,121,2151,IV
216,Stefania,Stolowska,3,26-594,86,2867,II
217,Adam,Rabka,5,43-586,154,510,I
218,Maciej,Mijak,8,72-241,71,2408,V
219,Piotr,Swiezy,5,13-220,121,558,II
220,Adrianna,Gorska,2,37-997,20,719,IV
221,Beata,Mikolajczyk,6,69-204,136,2862,I
222,Maciej,Buzek,5,81-042,95,1311,V
223,Katarzyna,Sokolowska,5,00-995,212,2656,III
224,Jerzy,Kielski,5,29-724,218,1258,I
225,Roman,Dusza,3,97-545,21,838,V
226,Agnieszka,Korandy,4,85-266,185,3222,I
227,Joanna,Dymna,9,97-545,21,2137,I
228,Urszula,Legnicka,2,77-187,169,468,II
229,Krystyna,Sekocinska,5,22-593,188,979,I
230,Aureliusz,Dabrowski ,2,85-266,185,2910,II
231,Jerzy,Bargiel,2,18-286,155,898,I
232,Tomasz,Broniarz,2,77-187,169,1123,III
233,Lucyna,Sokolowska,5,66-251,74,2980,I
234,Luiza,Pawlak,3,29-724,218,1904,II
235,Weronika,Stroka,3,12-684,157,2180,II
236,Walenty,Kaczor,9,99-436,202,520,II
237,Szymon,Figurski,5,62-560,192,1496,II
238,Jadwiga,Grobelny,3,29-724,218,2635,III
239,Piotr,Nowicki,2,30-136,45,1121,IV
240,Franciszek,Bebenek,5,62-560,192,2572,I
241,Anna,Trzebnicka,1,19-255,130,1151,I
242,Adam,Witczak,5,69-501,7,735,III
243,Natalia,Chlopecka,3,09-592,141,2101,I
244,Jacek,Andrzejewski,5,12-684,157,2241,III
245,Agnieszka,Malbolrska,3,76-235,22,2814,I
246,Karolina,Rosiak,5,11-608,43,1417,I
247,Aneta,Klucha,5,75-727,28,1165,I
248,Bartosz,Adamiec,3,34-607,82,2668,I
249,Piotr,Garncarz,5,14-287,15,863,III
250,Kamil,Dabrowski,2,97-545,21,749,I
251,Marek,Majchrowicz,3,14-322,104,2405,I
252,Olgierd,Dudzinski,5,40-853,144,3136,I
253,Anna,Sawiciak,4,46-174,208,2285,I
254,Paulina,Raszczyk,5,53-807,31,2678,I
255,Fryderyka,Slowik,2,79-972,216,438,IV
256,Mieszko,Cisna,5,14-721,170,3313,II
257,Janusz,Waz,4,85-266,185,2917,I
258,Wojciech,Bugaj,2,12-684,157,2657,I
259,Marcin,Slomczynski,5,15-658,171,1869,II
260,Franciszek,Laczynski,5,47-222,195,2881,V
261,Korneliusz,Adamecki,10,98-902,173,1726,III
262,Wawrzyniec,Kozina,2,83-271,39,2700,I
263,Pawel,Wojcicki,5,18-286,155,1981,V
264,Klemens,Radzik,5,79-726,103,672,II
265,Karol,Mazurowski,5,84-273,207,719,IV
266,Krzysztof,Antczak,4,04-834,42,2472,I
267,Jerzy,Orowski,3,99-436,202,796,III
268,Alicja,Kobus,2,18-286,155,2409,I
269,Adam,Michalak,7,15-658,171,1259,I
270,Norbert,Boronski,2,47-222,195,1317,I
271,Seweryn,Wawa,2,22-864,84,1309,IV
272,Renata,Kaluza,8,78-122,94,2790,II
273,Ewa,Berak,5,36-984,46,2110,I
274,Marcin,Bajdak,3,87-348,187,2485,I
275,Iwona,Wegier,2,58-922,215,1344,I
276,Franciszek,Kusch,7,53-807,31,1802,V
277,Lukasz,Klos,5,83-977,115,2482,III
278,Karolina,Weiss,2,58-930,97,871,I
279,Tadeusz,Regulski,2,51-783,50,1075,I
280,Beata,Jasinska,8,09-006,162,968,I
281,Aleksander,Ogonowski,8,34-607,82,1229,I
282,Eleonora,Kosa,2,71-890,160,455,I
283,Adrian,Baka,2,12-684,157,3195,I
284,Czeslawa,Bochenek,3,14-095,128,1883,I
285,Tomasz,Leganowski,3,96-087,11,2018,IV
286,Sebastian,Adalewski,1,70-071,19,2821,II
287,Bronislawa,Chmielewska,8,65-458,44,2931,IV
288,Daria,Dyrbusz,5,27-938,2,1779,I
289,Olga,Gonerska,5,27-535,99,1990,I
290,Radoslaw,Niedziela,3,30-698,152,2283,II
291,Arkadiusz,Sokolowski,3,80-339,18,1964,I
292,Zofia,Bylska,1,87-324,36,1822,II
293,Slawomir,Rojek,5,04-688,142,1093,III
294,Robert,Pilski,2,12-684,157,1756,II
295,Janina,Bernacik,4,72-241,71,2356,I
296,Mateusz,Swierszczynski,8,51-637,194,3080,V
297,Tomasz,Wan,5,89-362,12,1258,II
298,Alicja,Miskowiec,2,34-607,82,2730,V
299,Piotr,Piwnik,3,72-241,71,1592,I
300,Jan,Bator,3,72-241,71,2738,I
301,Eleonora,Mrowka,2,78-122,94,2064,I
302,Andrzej,Beki,3,76-939,193,465,I
303,Boleslawa,Kucharska,5,11-608,43,1291,V
304,Wojciech,Fujarewicz,2,91-525,211,2125,II
305,Iwona,Grzybek,3,97-545,21,787,I
306,Maria,Zwojec,5,14-721,170,2155,I
307,Mateusz,Kandora,5,69-501,7,3218,I
308,Daniel,Barszcz,5,71-890,160,2273,I
309,Teresa,Grudzinska,5,38-932,183,1283,II
310,Franciszka,Nowicka,5,80-339,18,1863,II
311,Karolina,Bajerowicz,5,83-630,123,1965,I
312,Barbara,Wszedobyl,7,70-071,19,1182,I
313,Izolda,Jaros,2,89-300,58,2207,I
314,Grazyna,Gorska,3,51-006,219,1453,V
315,Piotr,Kacprzak,5,96-087,11,983,I
316,Grzegorz,Balon,2,00-995,212,917,III
317,Zdzislawa,Modrzewska,3,72-438,118,2124,III
318,Aleksander,Biborski,2,86-116,26,3254,III
319,Dominik,Felinski,2,82-082,129,2842,V
320,Arkadiusz,Maciejewski,2,99-773,214,1879,IV
321,Milosz,Ostrowski,5,65-385,100,978,I
322,Marzena,Skrzypek,9,63-587,106,2409,V
323,Tomasz,Krawczyk,2,71-890,160,1655,II
324,Andrzej,Knot,7,51-394,60,356,I
325,Mateusz,Buczek,3,27-702,135,2275,I
326,Piotr,Tyborowski,5,72-241,71,2325,III
327,Klaudia,Kotowicz,2,72-241,71,1950,I
328,Mateusz,Bartoszewski,2,96-497,116,2149,I
329,Michal,Antkowicz,5,11-608,43,2265,I
330,Barbara,Bakan,2,43-586,154,1218,I
331,Grzegorz,Styczen,3,48-418,178,931,III
332,Agata,Babulak,3,11-782,105,2170,I
333,Ewelina,Kocharyan,2,29-724,218,1118,I
334,Barbara,Solska,9,74-768,156,678,I
335,Dominik,Kondratowicz,5,53-858,148,2209,V
336,Kacper,Wozniak,7,79-726,103,1897,V
337,Jagna,Meller,2,34-607,82,3247,V
338,Gabriela,Mroz,5,09-006,162,1033,I
339,Mateusz,Bernacki,5,62-182,209,846,III
340,Anna,Cender,7,47-553,111,2190,I
341,Ewa,Seweryn,5,00-355,153,1206,I
342,Roza,Biernaczyk,3,24-983,158,378,IV
343,Andrzej,Pyza,3,62-813,124,788,I
344,Henryk,Mordyan,2,85-266,185,1126,I
345,Oskar,Szanca,3,00-355,153,2257,I
346,Jakub,Kucharski,3,64-698,176,2144,III
347,Jan,Krzyzewski,8,82-082,129,1379,II
348,Jan,Dziekan,3,09-006,162,2815,I
349,Zofia,Kajzer,8,36-478,32,905,II
350,Iwona,Pawlowska,4,79-726,103,2942,III
351,Oktawian,Kadej,1,14-095,128,2668,I
352,Jadwiga,Beben,2,78-122,94,2998,V
353,Katarzyna,Czader,3,62-813,124,353,I
354,Zuzanna,Rutkowska,2,24-983,158,2320,I
355,Franciszek,Mikulski,2,84-273,207,598,II
356,Aleksander,Chinski,2,62-182,209,3251,I
357,Bartlomiej,Kardys,5,02-756,57,1646,I
358,Katarzyna,Pakulska,5,56-921,62,767,I
359,Jakub,Piotrowski,2,76-939,193,513,III
360,Irena,Fudecka,2,15-308,139,3215,I
361,Krzysztof,Lis,2,11-608,43,2032,I
362,Grazyna,Chojacka,2,82-082,129,2543,I
363,Kamil,Tokarz,8,48-418,178,880,V
364,Agnieszka,Nawrot,2,38-959,147,1142,I
365,Ewa,Chiluta,3,84-043,125,1924,I
366,Joanna,Chodyra,3,34-607,82,3225,I
367,Jacek,Winogrodzki,2,14-095,128,1004,I
368,Karol,Anarchista,2,75-727,28,2716,II
369,Walery,Latka,2,04-688,142,1126,V
370,Jaroslaw,Sierpien,2,24-243,186,831,III
371,Kaja,Karnawal,2,43-045,77,2377,IV
372,Andrzej,Smietanka,5,66-008,179,1447,I
373,Eustachy,Banaszek,5,09-006,162,2407,I
374,Barbara,Marczak,2,14-721,170,1566,I
375,Jaroslaw,Kata,4,79-726,103,2437,I
376,Urszula,Wawrzynczyk,2,72-241,71,856,II
377,Anita,Wiwatowicz,2,30-698,152,399,I
378,Weronika,Zawadzka,5,37-640,23,1859,I
379,Wioletta,Kucharska,3,48-364,3,1209,II
380,Piotr,Banalow,9,99-773,214,1025,I
381,Anna,Kaczmarek,2,22-593,188,2076,III
382,Ewelina,Ewertowska,2,49-345,150,2601,I
383,Slawomira,Czerwiec,5,37-997,20,2207,V
384,Ewa,Skrzeliczka,9,14-721,170,2312,I
385,Martyna,Piotrkowska,5,91-786,122,1137,I
386,Tomasz,Nawrot,2,90-272,98,383,II
387,Kamil,Kildarewicz,5,95-084,189,1834,I
388,Wlodzimierz,Komik,2,43-586,154,1032,III
389,Bartlomiej,Wrzesien,5,38-932,183,2639,IV
390,Emilia,Katanak,2,11-608,43,1422,I
391,Bartosz,Pawlowski,2,53-324,213,1150,I
392,Krzysztof,Nisiewicz,5,33-160,127,1280,I
393,Barbara,Mianowska,2,14-721,170,486,I
394,Adam,Loziczonek,2,78-122,94,2100,II
395,Karol,Antonowicz,2,14-461,161,654,I
396,Anna,Klemczak,2,30-698,152,1814,I
397,Mieczyslawa,Szymczyk,2,76-939,193,1136,I
398,Karol,Zalewski,2,90-272,98,2978,I
399,Seweryna,Kotek,2,96-087,11,949,II
400,Jowita,Adamska,2,10-656,37,1771,IV
401,Tomasz,Niczyj,3,83-630,123,3295,V
402,Maja,Mazurkiewicz,3,22-654,56,511,I
403,Alicja,Fedoruk,3,71-890,160,2482,I
404,Jan,Ciebiera,2,72-241,71,2898,I
405,Urszula,Sielecka,5,94-896,13,435,II
406,Ewelina,Katowicka,2,76-235,22,2357,I
407,Kinga,Wronska,2,60-915,102,3271,II
408,Ewa,Gruszczynska,10,19-255,130,3337,I
409,Jan,Urbanski,10,86-116,26,2124,I
410,Leslaw,Pawlica,3,66-008,179,3258,I
411,Barbara,Przybylek,9,02-756,57,2187,III
412,Roza,Szklarczyk,2,76-362,151,2605,II
413,Anastazja,Gruzin,2,81-133,73,983,V
414,Dawid,Trzebiatowski,2,81-084,146,2037,I
415,Roman,Hajtowicz,5,91-786,122,751,III
416,Ewelia,Kolanko,5,75-727,28,3336,I
417,Mateusz,Majewski,2,11-608,43,2270,II
418,Jaroslaw,Krema,2,97-545,21,1777,V
419,Lucyna,Arabas,3,99-773,214,1000,I
420,Mateusz,Orlicki,2,81-133,73,2467,I
421,Sebastian,Alot,2,60-815,134,634,II
422,Jadwiga,Bober,9,83-630,123,3025,IV
423,Gracja,Kozlowska,5,65-385,100,3330,I
424,Tomasz,Bronikowski,2,39-551,83,1304,I
425,Andrzej,Latacki,5,15-308,139,1518,II
426,Kamil,Babula,2,24-983,158,1058,I
427,Czeslaw,Augustyneczek,3,76-939,193,524,I
428,Anna,Hebda,2,62-182,209,1070,V
429,Bartosz,Bonkowski,2,38-932,183,983,I
430,Jozefa,Wysocka,2,62-182,209,2497,II
431,Justyna,Firlej,8,09-823,145,1919,I
432,Jadwiga,Wawer,5,15-658,171,2672,II
433,Michal,Klimisz,2,87-348,187,3092,III
434,Agnieszka,Bartkowiak,2,58-922,215,3034,I
435,Ryszard,Siennicki,4,84-273,207,2978,II
436,Marta,Gilowska,2,92-050,59,1572,I
437,Honorata,Caban,2,99-754,80,689,II
438,Franciszek,Szybinski,3,79-726,103,1776,V
439,Emila,Nikiel,5,18-286,155,1849,I
440,Jan,Jasinski,3,47-842,181,962,I
441,Halina,Lakomska,5,96-703,16,863,I
442,Teofil,Wina,3,89-735,159,1963,IV
443,Teresa,Krzesaj,2,09-006,162,2126,II
444,Karol,Mroczek,2,56-921,62,2947,V
445,Jagna,Urban,3,44-718,131,1098,I
446,Szymon,Maron,3,96-497,116,2372,IV
447,Lucjusz,Tokarczyk,2,83-977,115,985,II
448,Krzysztof,Badura,4,96-497,116,637,I
449,Konstanty,Banasikowski,2,27-938,2,2568,I
450,Krzysztof,Lipinski,6,83-630,123,2635,I
451,Anna,Dworecka,3,62-834,197,2106,I
452,Kinga,Celeborska,2,97-023,48,940,I
453,Mateusz,Bednarek,2,36-889,96,507,I
454,Stanislaw,Anczewski,2,38-932,183,2305,II
455,Szymon,Wawron,5,72-241,71,3312,II
456,Danuta,Banaszczykiewicz,2,82-082,129,2423,I
457,Tymon,Abacki,4,81-133,73,963,III
458,Ewelina,Blada,2,22-593,188,1961,IV
459,Wieslawa,Bedynska,5,34-607,82,593,II
460,Bartosz,Dudek,2,47-842,181,2948,IV
461,Tomasz,Kaczmarek,4,83-544,206,1140,I
462,Aleksander,Adamczyk,8,69-389,117,1260,V
463,Kinga,Kawka,5,19-255,130,2512,I
464,Morfeusz,Grodecki,1,37-997,20,1713,I
465,Jerzy,Bodnarczyk,2,57-943,137,3260,I
466,Paulina,Dykiel,2,51-394,60,1995,I
467,Adam,Bednarczyk,2,94-560,87,1303,I
468,Barbara,Olszewska,5,48-364,3,1528,IV
469,Wieslawa,Barcisz,3,27-702,135,1278,II
470,Pawel,Kowal,5,47-222,195,3125,V
471,Monika,Rybicka,4,81-133,73,1111,I
472,Adam,Grabczak,8,65-385,100,1116,IV
473,Jan,Kozak,7,05-563,38,3021,III
474,Wiera,Augustowska,2,43-045,77,872,II
475,Lew,Wiejski,1,72-241,71,1787,I
476,Boguslawa,Sobota,2,09-006,162,2866,II
477,Miroslaw,Chochowski,1,85-266,185,2625,I
478,Halina,Kuchar,3,72-241,71,859,I
479,Zbigniew,Zajac,5,47-222,195,1589,V
480,Edyta,Klan,3,14-721,170,1683,V
481,Celina,Krotoszyn,5,69-501,7,3139,III
482,Katarzyna,Skutnik,2,14-461,161,3124,I
483,Krzysztof,But,3,24-983,158,2273,IV
484,Bartosz,Zalecki,2,80-339,18,1127,I
485,Irena,Tarnowska,7,91-271,175,2158,I
486,Piotr,Murarz,3,72-297,126,2893,III
487,Justyna,Biegaj,3,13-345,184,1770,I
488,Bohdan,Mrozowski,2,09-592,141,2851,I
489,Karina,Kwiatkowska,2,00-425,8,2751,IV
490,Katarzyna,Kruczek,2,95-084,189,2107,I
491,Anna,Barska,2,82-082,129,1047,II
492,Marek,Piec,5,33-294,90,3259,V
493,Marek,Grzeszczak,5,96-497,116,508,I
494,Leslaw,Bak,3,51-637,194,2799,I
495,Franciszka,Czemisow,2,36-984,46,456,II
496,Michal,Sawicki,2,19-255,130,451,II
497,Sabina,Balcerek,5,92-050,59,1840,II
498,Aleksandra,Cichawacz,3,01-685,182,3169,I
499,Kinga,Mlynarczyk,5,14-721,170,2543,II
500,Witold,Kupis,5,42-081,167,1760,II
501,Janusz,Bokowski,7,96-087,11,2891,I
502,Elzbieta,Jaworska,1,30-136,45,804,II
503,Marzena,Por,5,18-286,155,2715,II
504,Beata,Wittek,2,85-266,185,1008,V
505,Wojciech,Rydawski,3,62-834,197,2711,II
506,Nikodem,Dyzma,2,74-768,156,3079,II
507,Wanda,Szalobryt,3,96-087,11,701,II
508,Andrzej,Okon,3,75-361,180,1556,III
509,Anita,Chalbinska,2,21-857,203,1772,I
510,Agnieszka,Badowska,3,84-043,125,1372,I
511,Tomasz,Kajdasiewicz,2,86-116,26,1486,III
512,Piotr,Januszewski,3,38-959,147,1613,I
513,Edyta,Styczen,5,29-199,17,3105,V
514,Iwona,Andrzejewska,5,12-684,157,2241,I
515,Danuta,Kapusta,2,91-786,122,2708,I
516,Ruta,Sawa,5,13-220,121,2726,II
517,Izabella,Cieslak,4,76-117,174,1100,I
518,Tadeusz,Krason,2,72-438,118,1894,IV
519,Marcin,Gorgon,3,49-345,150,2681,V
520,Witold,Halama,5,51-783,50,1557,II
521,Teresa,Gryglak,2,65-385,100,3117,II
522,Jolanta,Turlej,2,05-563,38,3344,V
523,Kamil,Gruca,5,21-405,70,3300,I
524,Daniel,Filipek,2,72-241,71,2302,I
525,Beata,Dabrowska,2,72-241,71,2576,II
526,Krzysztof,Cebula,5,19-255,130,3155,I
527,Anna,Horbacz,3,97-545,21,1079,I
528,Krzysztof,Barski,5,82-082,129,1047,I
529,Wanda,Pacula,8,72-241,71,2350,II
530,Ewa,Barwicka,5,62-813,124,600,I
531,Katarzyna,Bartecka,3,97-545,21,350,I
532,Natalia,Pypno,2,43-586,154,1139,I
533,Maciej,Knapik,2,22-654,56,1056,IV
534,Katarzyna,Ochocka,5,65-885,164,750,I
535,Agnieszka,Otwocka,2,00-355,153,3176,I
536,Bozena,Chmielewska,2,22-654,56,1835,II
537,Maria,Krasiczynska,5,85-266,185,1623,I
538,Katarzyna,Budziak,5,84-043,125,1153,II
539,Adam,Gumowski,2,99-773,214,3059,I
540,Alina,Charemska,2,13-220,121,1847,I
541,Zbigniew,Jaworski,5,13-220,121,3238,III
542,Marcin,Grabysz,9,96-087,11,2125,I
543,Jan,Chylak,2,11-608,43,1224,I
544,Grzegorz,Sokolowski,3,66-219,149,606,III
545,Anna,Smela,2,15-658,171,1375,I
546,Maria,Kolka,8,15-658,171,790,II
547,Krzysztof,Groza,3,60-596,172,2014,I
548,Katarzyna,Friedek,3,99-436,202,898,I
549,Piotr,Szczerek,5,18-286,155,2896,III
550,Edward,Bebanek,5,96-087,11,1580,I
551,Grzegorz,Kinski,2,13-220,121,3000,I
552,Patryk,Brylok,2,91-271,175,3007,I
553,Ewa,Oszczudlowska,4,38-959,147,1141,I
554,Irma,Iwasiow,3,74-768,156,1201,I
555,Tomasz,Muc,8,68-101,25,1243,IV
556,Piotr,Cholewa,7,37-873,53,2318,II
557,Antoni,Chmielacz,8,60-596,172,2952,I
558,Agnieszka,Witas,3,72-438,118,1914,V
559,Andrzej,Baran,2,83-544,206,1390,I
560,Feliks,Bawarski,5,72-241,71,433,I
561,Kinga,Matuszyk,3,91-525,211,562,I
562,Grzegorz,Borutawski,3,84-043,125,2859,I
563,Wiktor,Basajski,3,12-684,157,920,II
564,Sylwester,Jasinski,2,75-361,180,1216,III
565,Zofia,Ciechowska,5,75-361,180,2652,II
566,Adam,Bialczak,2,66-008,179,1676,I
567,Filip,Baczek,1,76-939,193,459,I
568,Felicja,Latas,5,13-220,121,592,II
569,Aleksy,Dudek,7,76-939,193,2544,II
570,Krzysztof,Chorzyk,2,65-385,100,1037,I
571,Krzysztof,Kryszkiewicz,5,22-654,56,390,III
572,Robert,Zielinski,3,84-043,125,2538,V
573,Zachariasz,Msciwujewski,5,51-006,219,3044,II
574,Jakub,Dukowski,5,97-545,21,2983,I
575,Anastazja,Litwin,8,84-043,125,889,I
576,Tomasz,Gronus,5,22-593,188,389,V
577,Zofia,Adamowicz,5,43-045,77,439,II
578,Wislaw,Kowalski,2,43-586,154,3208,II
579,Konstantyn,Piatek,5,58-930,97,350,I
580,Paulina,Uszek,3,53-807,31,1937,I
581,Andrzej,Kuras,1,95-186,81,838,V
582,Beata,Cagara,2,04-834,42,1698,IV
583,Barbara,Balwierz,5,91-488,91,2746,V
584,Anna,Antosiewicz,7,09-006,162,569,I
585,Sara,Koterba,5,58-922,215,1389,I
586,Miroslawa,Krasuska,3,91-786,122,3018,III
587,Patrycja,Kochanska,5,62-813,124,1111,I
588,Tomasz,Ichniowski,5,94-560,87,783,II
589,Stanislaw,Bialkowski,3,42-081,167,3244,II
590,Piotr,Kalicinski,5,96-497,116,1155,III
591,Roman,Banasik,8,71-890,160,2845,I
592,Michal,Zawadzki,3,18-286,155,1501,I
593,Klaudia,Janecka,1,67-738,63,1257,I
594,Danuta,Chyza,2,89-735,159,1787,III
595,Bartosz,Grzesik,5,72-297,126,725,I
596,Milosz,Michalski,2,72-241,71,493,II
597,Michal,Baja,4,37-997,20,2916,I
598,Marcin,Bielak,5,09-006,162,1164,I
599,Henryk,Chlopicki,5,96-497,116,951,I
600,Marcin,Jader,2,27-535,99,1074,I
601,Elzbieta,Sikora,2,83-630,123,2468,IV
602,Ewa,Barek,9,27-938,2,2880,I
603,Kinga,Kaszyca,2,99-773,214,1299,I
604,Piotr,Pszczola,4,13-220,121,1048,I
605,Barbara,Banowska,2,14-721,170,2846,I
606,Piotr,Jedruszczak,5,76-939,193,2995,I
607,Zofia,Boska,5,95-084,189,3037,II
608,Joanna,Para,3,47-222,195,1930,II
609,Kamila,Borowska,3,09-006,162,2743,I
610,Monika,Chrzanik,3,11-608,43,2943,I
611,Marek,Wypchlo,5,71-890,160,1041,I
612,Michal,Lowik,5,70-459,54,1437,III
613,Wojciech,Janocha,7,09-592,141,3289,II
614,Tomasz,Basinski,2,72-241,71,1032,II
615,Klaudiusz,Ostrowski,5,84-043,125,1555,III
616,Danuta,Telejko,2,91-525,211,996,IV
617,Michal,Rokosz,2,79-972,216,751,II
618,Piotr,Pienkowski,2,85-266,185,1425,I
619,Jan,Razny,1,62-560,192,1732,III
620,Stefan,Wlodarczyk,3,97-545,21,571,IV
621,Zofia,Kielbus,4,09-823,145,1384,II
622,Celina,Dobrzanska,8,65-885,164,3324,I
623,Joanna,Letka,2,27-702,135,2560,II
624,Katarzyna,Oleksy,5,00-137,220,2117,I
625,Jan,Trzmielewski,2,11-782,105,2094,II
626,Helena,Gawlicz,5,53-614,1,2349,I
627,Tomasz,Mazurek,3,81-042,95,2409,V
628,Roch,Lechowicz,5,96-497,116,2674,II
629,Marek,Nosowski,2,56-545,9,486,I
630,Kamil,Kwiatkowski,2,29-325,14,3318,IV
631,Adam,Banas,2,91-488,91,1991,I
632,Katarzyna,Jokiel,1,82-082,129,847,I
633,Pawel,Jasiak,10,10-408,204,3277,I
634,Wojciech,Musiol,5,96-497,116,2972,III
635,Weronika,Kaczmarek,3,83-544,206,1140,II
636,Pawel,Janowicz,2,47-553,111,2133,I
637,Miron,Sledziak,2,22-544,177,2397,III
638,Iwona,Kromolowska,5,43-045,77,2387,I
639,Sylwester,Borkowski,3,75-361,180,1683,IV
640,Zuzanna,Wronska,2,18-665,165,878,II
641,Tomasz,Koscielny,2,13-220,121,2245,II
642,Ada,Drukarczyk,2,13-220,121,2353,I
643,Karol,Andrus,3,84-043,125,1775,V
644,Alicja,Medynska,3,09-310,92,590,I
645,Katarzyna,Kwiecien,2,96-087,11,772,II
646,Felicja,Ostrowska,8,24-243,186,2466,II
647,Barbara,Przywarska,3,14-721,170,3020,I
648,Malwina,Kabala,2,47-222,195,2691,I
649,Lucyna,Trzopek,5,42-081,167,2758,V
650,Kamil,Polkowski,3,72-241,71,357,II
651,Czeslawa,Kalinowska,5,96-703,16,2752,V
652,Emilia,Banach,2,74-768,156,2695,I
653,Wiktoria,Gorska,2,29-724,218,391,II
654,Dariusz,Hentelski,5,65-885,164,1750,I
655,Pawel,Pawlowski,3,39-551,83,2802,I
656,Krzysztof,Siemion,9,43-586,154,2344,V
657,Marcin,Bienkowski,2,69-501,7,3025,I
658,Artur,Dartcjan,2,57-943,137,1008,I
659,Felicja,Adamkowska,5,62-813,124,617,I
660,Karolina,Naparstek,2,62-813,124,2409,I
661,Aleksandra,Wybraniec,5,36-759,85,764,I
662,Michal,Otwinowski,5,51-637,194,2659,I
663,Lechoslawa,Burcz,8,21-258,79,2874,III
664,Bozena,Sowa,7,65-885,164,691,I
665,Kacper,Luty,5,83-544,206,3201,III
666,Wioletta,Pacula,5,06-355,138,2742,V
667,Szczepan,Sobczak,5,13-220,121,902,V
668,Kacper,Babinski,5,47-222,195,831,I
669,Alicja,Barczynska,5,75-057,6,2679,I
670,Ewelina,Kobus,2,29-325,14,811,I
671,Agnieszka,Lencznarowicz,5,91-786,122,478,III
672,Barbara,Barszczykiewicz,3,01-685,182,2827,I
673,Klara,Lipiec,2,30-698,152,355,I
674,Jacek,Zuchowicz,2,99-436,202,1668,II
675,Andrzej,Wisniewski,3,72-241,71,2322,I
676,Oskar,Kolodziej,2,13-179,40,1535,II
677,Jakub,Piotrowski,2,75-361,180,2456,IV
678,Bogumila,Grubba,5,15-658,171,858,V
679,Sandra,Swiatek,9,82-082,129,2456,I
680,Anna,Barciszewska,8,74-768,156,709,I
681,Maryla,Ciechowicz,5,53-858,148,2219,I
682,Katarzyna,Garbacz,5,47-222,195,2010,I
683,Jaroslaw,Walewski,2,82-082,129,356,II
684,Amadeusz,Bartosik,5,58-922,215,607,I
685,Marcin,Gorec,3,76-117,174,2939,I
686,Maciej,Poradisz,2,70-071,19,3037,III
687,Jan,Barbucha,5,12-684,157,3276,I
688,Magdalena,Nadarzyn,2,69-501,7,1880,I
689,Celina,Pietras,2,84-273,207,2872,V
690,Wanda,Rossudowska,7,76-939,193,2554,II
691,Karolina,Tomsza,2,00-355,153,767,I
692,Bartosz,Ziolkowski,8,83-544,206,3056,I
693,Kamil,Borysow,3,09-823,145,421,I
694,Irena,Ignaszewska,5,87-348,187,1160,I
695,Miroslawa,Grzesik,5,84-043,125,788,I
696,Krzysztof,Bladowicz,2,91-786,122,2004,I
697,Maciej,Kula,2,14-461,161,2418,I
698,Kamil,Wieczorek,5,87-348,187,2065,IV
699,Ewa,Jurek,3,09-006,162,2101,I
700,Zyta,Bugala,5,53-858,148,1958,II
701,Beata,Stan,2,53-614,1,2033,I
702,Juliusz,Wozniak,7,34-607,82,1523,I
703,Hanna,Okularczyk,2,68-101,25,507,I
704,Aleksy,Borkowski,2,21-857,203,1035,IV
705,Dorota,Byra,3,95-970,217,1233,I
706,Gertruda,Rzasowska,1,87-659,199,2877,II
707,Lukasz,Kostosz,5,24-243,186,1060,IV
708,Pawel,Orczyk,5,12-684,157,627,I
709,Natasza,Konewka,10,66-008,179,2056,V
710,Alicja,Cygan,5,95-970,217,2578,I
711,Anna,Bugajska,2,65-385,100,412,I
712,Antoni,Wojtyra,2,43-586,154,2404,I
713,Jan,Matczak,5,04-274,75,2042,I
714,Michal,Kopernik,5,96-497,116,499,I
715,Andrzej,Kozlowski,5,75-361,180,2133,I
716,Adam,Jasiewicz,5,74-768,156,1554,I
717,Jan,Janosik,5,95-306,68,736,III
718,Adam,Bledowski,2,47-222,195,1956,I
719,Klementyna,Mrozinska,2,15-658,171,1079,I
720,Aleksander,Pawlak,3,78-003,47,705,III
721,Waclaw,Slaski,3,09-006,162,2809,II
722,Jakub,Kanciala,2,67-738,63,2021,I
723,Julia,Pondo,2,72-241,71,1019,I
724,Jozef,Biegar,3,75-727,28,2878,I
725,Pawel,Beryl,2,62-049,66,2101,I
726,Paulina,Bulejska,2,81-133,73,1286,I
727,Wiktoria,Dobosz,5,65-458,44,2498,V
728,Izabella,Bluza,5,71-608,210,3258,III
729,Karol,Anyzkiewicz,3,81-133,73,2274,II
730,Ksenia,Kadziola,5,18-665,165,2742,V
731,Lechoslaw,Nowakowicz,5,53-780,65,1084,II
732,Bronislawa,Michalska,2,58-922,215,3097,II
733,Marta,Czerny,5,24-243,186,394,I
734,Helena,Kotlarz,2,75-361,180,559,I
735,Michal,Galas,2,29-199,17,2461,I
736,Robert,Tomaszewski,3,99-436,202,1511,IV
737,Karol,Boran,5,98-902,173,2190,I
738,Agnieszka,Mordak,8,62-560,192,3292,II
739,Tomasz,Suder,5,04-274,75,2998,I
740,Stefan,Polanicki,5,83-544,206,770,II
741,Roman,Kolek,2,65-385,100,674,I
742,Magdalena,Peciak,4,82-082,129,2024,I
743,Michal,Czajczyk,3,90-749,88,3080,I
744,Natasza,Rudnicka,5,00-425,8,1178,III
745,Wojciech,Kwiecien,5,14-742,64,956,II
746,Michal,Kurtyka,2,62-813,124,1445,IV
747,Agnieszka,Dziernanowska,3,80-338,89,2982,I
748,Danuta,Bodnar,2,29-724,218,1543,III
749,Bartosz,Gasior,4,68-209,200,2138,I
750,Tadeusz,Staron,2,30-698,152,2198,IV
751,Andrzej,Kacperski,2,13-220,121,2370,I
752,Kinga,Krol,2,99-754,80,3262,III
753,Katarzyna,Biedka,3,96-087,11,2705,I
754,Alina,Wolowiec,8,98-902,173,2760,I
755,Szymon,Boruta,1,62-813,124,945,V
756,Miroslawa,Prawy,2,37-089,205,3156,V
757,Malgorzata,Bronislawska,3,56-921,62,735,I
758,Szymon,Perczynski,4,72-241,71,1216,III
759,Jowita,Farcik,5,34-607,82,2443,IV
760,Agnieszka,Chmielarz,2,46-174,208,2139,I
761,Artur,Chodyrak,5,36-844,72,2338,I
762,Piotr,Wojcik,5,38-959,147,1625,II
763,Janusz,Gajda,5,15-308,139,2262,V
764,Barbara,Chrzanowska,2,38-932,183,997,I
765,Pawel,Janicki,2,13-220,121,1067,V
766,Dariusz,Chrascik,5,78-122,94,3152,IV
767,Edyta,Kurdzielewicz,2,54-632,10,2710,I
768,Roman,Listopad,5,74-768,156,2018,IV
769,Honorata,Milosz,2,84-043,125,761,III
770,Zofia,Luszczyk,2,51-637,194,2409,II
771,Tomasz,Mieta,5,14-322,104,3329,II
772,Miroslawa,Czarnoleska,7,05-563,38,466,I
773,Wawrzyniec,Surowka,3,83-271,39,1644,IV
774,Bohdan,Bielawski,3,64-698,176,2645,I
775,Mateusz,Cisek,2,62-049,66,2376,I
776,Kacper,Kujalowski,3,42-081,167,1195,V
777,Michal,Piekarz,3,19-255,130,3142,II
778,Sebastian,Kalicki,2,43-210,49,1441,II
779,Adam,Tuszynski,2,68-101,25,2269,I
780,Jerzy,Barczyk,3,67-566,110,3282,I
781,Angelika,Koszka,3,34-607,82,3338,I
782,Maciej,Pajak,3,19-255,130,2558,IV
783,Kamil,Slimak,2,91-786,122,2585,V
784,Magdalena,Batycka,2,97-545,21,819,I
785,Wojciech,Chlebdanowski,3,03-065,29,827,I
786,Grzegorz,Wrzesinski,3,46-174,208,1609,V
787,Jolanta,Zarebska,2,79-726,103,885,I
788,Waclawa,Zaba,2,18-459,76,2347,IV
789,Andrzej,Malek,5,91-786,122,451,IV
790,Patryk,Gruszka,2,72-241,71,2625,III
791,Fryderyka,Radecka,2,80-339,18,1004,III
792,Boleslawa,Sarna,9,51-783,50,1915,V
793,Marlena,Warszawska,5,29-325,14,570,I
794,Jan,Kozakowski,2,18-286,155,2539,I
795,Angelika,Bartusiak,8,85-266,185,365,III
796,Grzegorz,Sawicki,5,83-977,115,2857,III
797,Maciej,Boni,5,83-544,206,2667,IV
798,Dorota,Blaszczyk,3,99-773,214,1145,I
799,Oliwia,Bogdal,1,98-650,61,2021,III
800,Patryk,Kopytko,2,42-081,167,3142,I
801,Monika,Mielecka,2,60-596,172,669,I
802,Andrzej,Stefanczyk,5,18-286,155,1992,V
803,Patryk,Fiszer,3,68-101,25,1576,I
804,Wislawa,Maciejewska,8,51-394,60,3031,IV
805,Jozef,Krosno,2,98-902,173,1102,I
806,Maksym,Znojek,5,38-932,183,1934,II
807,Przemyslaw,Kaczmarek,5,83-544,206,1140,III
808,Zofia,Barszczewska,3,38-932,183,957,II
809,Artur,Binkowski,2,36-478,32,1149,I
810,Adam,Jankowski,2,62-813,124,2449,I
811,Adam,Skalny,8,13-220,121,426,III
812,Mariusz,Garlowski,5,72-241,71,2438,II
813,Beata,Nowotarska,2,95-306,68,443,I
814,Maciej,Mojsanowicz,3,09-006,162,2736,I
815,Anastazja,Majewska,2,96-087,11,1476,II
816,Dorota,Zybowska,2,66-008,179,1338,I
817,Oskar,Kozlowski,2,52-964,35,1767,I
818,Pawel,Guzik,9,67-738,63,596,II
819,Roman,Jakubczyk,2,70-071,19,1621,II
820,Celina,Mieleszko,2,65-885,164,667,I
821,Joanna,Bycz,5,48-364,3,1555,III
822,Marek,Walbiner,5,71-890,160,2479,V
823,Robert,Kasa,10,81-133,73,2535,I
824,Piotr,Hardy,2,30-698,152,2849,I
825,Radoslawa,Poniedzialek,2,91-525,211,1720,V
826,Dorota,Stachowska,3,00-355,153,2242,I
827,Iwona,Bardzio,5,98-650,61,3124,I
828,Zygmunt,Banachowicz,3,69-786,132,3239,II
829,Adam,Krakowski,5,00-995,212,2391,I
830,Teresa,Grabik,3,47-553,111,3145,V
831,Szymon,Czaja,2,74-768,156,912,V
832,Cezar,Adamski,1,24-243,186,1316,IV
833,Krystian,Dziwulski,2,38-959,147,2368,I
834,Joanna,Andrychowicz,5,79-726,103,1032,I
835,Filip,Balica,2,30-136,45,1617,I
836,Patrycja,Kantor,2,78-122,94,534,IV
837,Oskar,Ryba,2,40-643,67,2275,II
838,Miron,Raban,2,49-345,150,1362,IV
839,Przemyslaw,Choloniewski,4,68-101,25,2602,V
840,Sebastian,Carek,2,04-834,42,2328,II
841,Karol,Wlodek,2,72-241,71,2534,IV
842,Bogdan,Benedykt,1,13-345,184,2228,I
843,Brygida,Jakobik,5,19-255,130,2648,V
844,Paulina,Szeruga,5,19-255,130,2077,I
845,Jadwiga,Loch,5,13-220,121,1676,I
846,Ewa,Sosnowska,4,72-297,126,1151,I
847,Roman,Aronowski,7,38-932,183,1576,I
848,Jaroslaw,Szczepanski,5,84-043,125,2180,II
849,Andrzej,Bilinski,10,52-964,35,1048,I
850,Jacek,Halemba,4,98-839,24,1165,II
851,Tomasz,Wojtkiewicz,2,40-853,144,2811,I
852,Mateusz,Kojec,3,42-081,167,1884,I
853,Ewelina,Ambroziak,3,56-545,9,2891,I
854,Beata,Moskala,3,13-220,121,972,IV
855,Kamil,Amanowicz,3,83-544,206,535,I
856,Jadwiga,Chodorowska,5,83-630,123,2763,I
857,Janina,Bawinek,3,76-362,151,3327,I
858,Eustachy,Kendziora,5,96-087,11,2414,IV
859,Karolina,Bromska,2,53-306,30,2480,I
860,Robert,Rurski,2,68-209,200,1955,II
861,Andrzej,Koziol,2,75-361,180,1428,V
862,Dominika,Maslon,4,79-972,216,1175,I
863,Martyn,Wisniewski,2,91-525,211,2380,V
864,Elzbieta,Makalu,5,96-703,16,2964,V
865,Beata,Nowakowska,5,91-786,122,3044,III
866,Anna,Sawicka,5,84-043,125,1134,V
867,Elzbieta,Wieczorek,2,53-858,148,3214,IV
868,Jerzy,Kaktus,2,07-754,120,2732,I
869,Alicja,Cichocka,7,14-721,170,780,I
870,Jolanta,Kukulska,8,46-174,208,2523,I
871,Magdalena,Jackowska,5,83-544,206,3178,I
872,Dagmara,Szumska,2,71-890,160,2039,I
873,Aleksandra,Paluch,5,51-637,194,2456,I
874,Marek,Markiewicz,2,96-497,116,620,I
875,Roman,Arecki,5,09-006,162,2086,I
876,Mikolaj,Lisinski,5,22-544,177,930,I
877,Maria,Baron,5,69-501,7,1112,I
878,Grzegorz,Jaworski,9,24-243,186,2185,I
879,Magdalena,Rysowicz,3,76-939,193,1731,I
880,Dominik,Marek,5,11-608,43,519,IV
881,Franciszek,Kucharski,2,85-266,185,2317,IV
882,Urszula,Czajka,5,72-241,71,1846,II
883,Anna,Szyma,2,74-768,156,753,IV
884,Radomil,Grudzien,3,62-049,66,2077,V
885,Wladyslawa,Konwicka,2,38-932,183,1259,V
886,Jadwiga,Osinska,2,60-596,172,1004,II
887,Stefan,Kalinowski,8,13-220,121,1932,II
888,Karol,Myrcik,2,24-983,158,2011,II
889,Anna,Oman,2,62-049,66,1445,I
890,Piotr,Bajer,2,18-286,155,2408,I
891,Paulina,Wierzchowska,2,72-241,71,1554,I
892,Zofia,Chalupka,5,83-829,93,3255,II
893,Celina,Mirow,2,62-182,209,2732,I
894,Tadeusz,Kotowicz,2,72-241,71,1950,II
895,Elzbieta,Wielgus,3,80-339,18,2581,III
896,Elzbieta,Kwiatkowska,5,29-379,69,1590,III
897,Malgorzata,Pisarskiewicz,3,87-348,187,3064,I
898,Sobieslaw,Bulwan,3,16-385,107,970,I
899,Dorota,Marchewka,1,99-436,202,1632,III
900,Patrycja,Metz,5,76-939,193,1547,I
901,Zachariasz,Jakimow,5,24-983,158,527,IV
902,Jakub,Malarski,2,94-896,13,2104,IV
903,Oskar,Rakowski,5,75-727,28,475,I
904,Tomasz,Dudzinski,2,83-294,198,744,V
905,Jaromir,Szybki,2,76-179,41,679,IV
906,Krzysztof,Linus,5,89-735,159,2232,I
907,Andrzej,Inny,5,53-324,213,1525,I
908,Wojciech,Batory,1,89-362,12,1442,II
909,Monika,Drzewiecka,2,19-255,130,1736,I
910,Renata,Kalwas,2,89-735,159,1252,IV
911,Jan,Sztonyk,2,43-586,154,2533,I
912,Kacper,Kita,5,42-081,167,2006,I
913,Zofia,Kruszewska,2,83-544,206,1700,V
914,Radzimierz,Wojciechowski,5,89-735,159,555,III
915,Wojciech,Augustowski,2,34-607,82,814,II
916,Barbara,Chudzik,5,72-241,71,3011,III
917,Wojtek,Trzconka,5,47-553,111,1913,V
918,Aleksy,Wur,2,53-306,30,1021,V
919,Bogumila,Piotrowska,3,72-241,71,3306,II
920,Natalia,Sikorska,1,38-932,183,2452,I
921,Hanna,Pietrzyk,5,84-043,125,2589,I
922,Malgorzata,Janowska,2,91-488,91,1464,II
923,Danuta,Chmielewska,2,95-084,189,1936,V
924,Pawel,Banasiak,2,27-938,2,3317,I
925,Adam,Zareba,2,62-813,124,985,I
926,Fryderyka,Krzyskow,5,62-560,192,2117,IV
927,Ewa,Sochacka,6,84-043,125,2333,I
928,Kacper,Starachowicz,3,85-266,185,1802,II
929,Renata,Banachowicz,2,04-419,140,464,I
930,Donald,Bakowski,1,42-081,167,1410,I
931,Roza,Labaziewicz,7,07-772,33,2958,II
932,Artur,Blotny,8,00-355,153,1641,I
933,Adam,Paterek,3,83-544,206,2559,I
934,Magdalena,Kulig,2,83-544,206,715,I
935,Pawel,Banasiewicz,2,80-339,18,579,I
936,Wiktor,Buchta,8,80-338,89,1652,III
937,Sobieslaw,Symanski,5,82-082,129,983,II
938,Dariusz,Kowalczyk,5,84-043,125,2441,III
939,Mieszko,Lewy,3,91-525,211,1408,II
940,Wiktoria,Gumienny,3,30-698,152,855,I
941,Sylwia,Filipowicz,2,26-594,86,2693,II
942,Zofia,Maciarz,3,56-921,62,1299,V
943,Frydryk,Alancki,9,28-079,114,2855,III
944,Patrycja,Roman,5,90-535,190,3345,I
945,Jolanta,Chmiel,5,80-436,143,1300,I
946,Boleslaw,Bialowasicz,2,38-959,147,2057,I
947,Agnieszka,Stachowiak,7,72-241,71,3199,I
948,Bronislawa,Ludwig,5,83-294,198,1400,III
949,Wojciech,Iwanski,7,75-057,6,2580,II
950,Elzbieta,Zagorska,3,27-535,99,486,IV
951,Wielislaw,Watroba,2,38-932,183,1035,III
952,Kamil,Bartnik,2,10-656,37,1718,I
953,Zygmunt,Grzmil,2,09-823,145,1346,II
954,Mateusz,Kawicki,2,96-087,11,3253,I
955,Mateusz,Mazurkiewicz,2,84-273,207,3000,I
956,Cecylia,Boguslawska,3,75-361,180,1225,IV
957,Alicja,Urbanczyk,4,75-361,180,3022,I
958,Jan,Kamyk,8,96-087,11,2899,I
959,Anna,Pytka,3,87-348,187,1146,I
960,Ryszard,Grabowski,2,83-271,39,728,III
961,Janusz,Smitkowski,3,53-858,148,2238,V
962,Jan,Karbowniczek,2,76-362,151,2865,IV
963,Teresa,Wozniak,5,87-348,187,3094,II
964,Mateusz,Chwalinski,3,37-089,205,1802,I
965,Wojciech,Sobczak,3,78-122,94,2626,I
966,Zofia,Klein,3,78-122,94,849,III
967,Eustachy,Pustulka,5,75-727,28,1080,III
968,Lucyna,Sokolowska,3,34-607,82,2284,II
969,Rafal,Rybak,2,34-734,34,1366,II
970,Agnieszka,Baranowska,5,53-858,148,772,I
971,Anna,Szafranska,2,96-087,11,1671,I
972,Malgorzata,Koczorowska,2,72-241,71,431,I
973,Gracja,Warecka,3,65-885,164,3030,II
974,Michal,Piechota,4,97-545,21,1748,V
975,Krystyna,Brylka,2,30-136,45,2256,V
976,Filip,Harazim,5,58-922,215,883,I
977,Maria,Bakala,5,51-394,60,2293,I
978,Piotr,Jablonski,2,71-890,160,1185,V
979,Michal,Powietrzynski,5,43-586,154,2260,I
980,Adelajda,Sobczak,2,26-607,191,1087,I
981,Ryszard,Skrzypczyk,3,68-101,25,1049,III
982,Marek,Marciniak,5,30-698,152,827,I
983,Slawomir,Afganski,6,46-174,208,1583,II
984,Jolanta,Marcz,3,46-174,208,573,I
985,Tomasz,Kania,5,60-596,172,2458,I
986,Barbara,Krzeczkowska,2,99-773,214,1418,I
987,Zuzanna,Walczynska,3,47-222,195,1035,I
988,Gabriela,Zajac,3,68-101,25,1757,II
989,Henryk,Walczak,5,69-501,7,923,II
990,Kuba,Kaminska,5,80-339,18,1274,II
991,Wieslaw,Bananowski,2,96-087,11,2930,II
992,Roman,Szumylowicz,2,81-133,73,1176,IV
993,Bronislaw,Hubertus,7,04-834,42,2912,I
994,Roman,Buszek,5,75-057,6,771,II
995,Ewa,Szepelak,2,04-688,142,2284,I
996,Szymon,Wcislowski,8,51-783,50,1444,II
997,Aleksandra,Pietak,5,37-640,23,2499,I
998,Kacper,Berkowski,6,69-204,136,1127,I
999,Jagoda,Szmaglinska,3,65-885,164,605,I
1000,Mariusz,Morawski,3,18-286,155,467,IV
1001,Natalia,Kochman,1,57-633,166,2854,I
1002,Zofia,Bartczak,2,91-525,211,1551,II
1003,Celina,Kubera,5,96-703,16,729,IV
1004,Faustyn,Katana,3,36-889,96,3318,I
1005,Amelia,Awast,3,65-458,44,3321,I
1006,Paulina,Michalak,3,24-243,186,1204,I
1007,Frydryk,Wenc,2,40-853,144,1452,V
1008,Aleksander,Bolkowski,3,99-436,202,3247,I
1009,Celestyna,Ozga,2,75-727,28,1377,II
1010,Lucja,Wicinska,5,72-241,71,2180,I
1011,Jerzy,Gibki,5,96-497,116,1770,III
1012,Halina,Klimaszewska,2,64-698,176,2138,I
1013,Mateusz,Wolny,7,37-089,205,1240,V
1014,Jadwiga,Tarkowska,2,76-939,193,558,II
1015,Tomasz,Bansik,5,83-630,123,2355,II
1016,Zofia,Staniec,3,21-405,70,610,II
1017,Jerzy,Barankiewicz,3,19-255,130,869,I
1018,Anna,Ludwin,5,09-428,5,2514,IV
1019,Jaroslaw,Nowik,3,62-813,124,3069,III
1020,Kamil,Kozlowski,7,46-174,208,843,V
1021,Anna,Klubicka,2,66-219,149,2039,I
1022,Paulina,Barcik,5,00-995,212,821,I
1023,Edyta,Wojcik,2,72-241,71,2649,III
1024,Karol,Brodowicz,3,92-050,59,1519,IV
1025,Kamil,Malek,4,47-553,111,2719,II
1026,Ewa,Holda,2,68-209,200,628,II
1027,Anna,Krakowska,2,65-458,44,3035,I
1028,Honorata,Jasinska,2,75-727,28,530,II
1029,Roman,Badurzewski,2,30-698,152,2135,I
1030,Mateusz,Switaj,3,65-385,100,1947,I
1031,Franciszek,Piaty,2,67-738,63,1202,IV
1032,Mikolaj,Pietras,3,11-608,43,2686,I
1033,Urszula,Misiak,3,51-637,194,590,II
1034,Anna,Halinowska,2,38-932,183,1934,I
1035,Antoni,Borowicz,5,19-255,130,2699,IV
1036,Jozef,Maj,2,98-650,61,1191,II
1037,Zofia,Miejska,1,38-959,147,3283,II
1038,Andrzej,Dubala,2,09-006,162,2519,I
1039,Wincenty,Klimkiewicz,5,00-355,153,1416,I
1040,Zdzislawa,Hejak,2,38-959,147,2233,IV
1041,Franciszek,Leszczynski,5,13-220,121,2676,IV
1042,Maksym,Majewski,2,22-623,108,1309,III
1043,Kamil,Kucharski,2,46-174,208,923,II
1044,Elwira,Banowicz,3,51-394,60,1397,I
1045,Zofia,Skrzydlewska,2,09-006,162,1545,V
1046,Miloslaw,Kozik,2,15-658,171,2367,III
1047,Danuta,Kowalczyk,10,62-182,209,2844,V
1048,Hanna,Aleksy,9,37-640,23,3031,I
1049,Alina,Literacka,5,04-274,75,576,I
1050,Karol,Medrzec,5,70-239,109,1603,II
1051,Anastazja,Grabowska,2,96-497,116,2706,V
1052,Malgorzata,Katowska,2,42-081,167,3076,I
1053,Adam,Wolski,2,47-553,111,3241,I
1054,Dorota,Roos,9,27-535,99,852,I
1055,Ewa,Baranicz,3,96-087,11,2580,I
1056,Serafin,Symanski,2,72-241,71,683,II
1057,Wioletta,Maciejewska,2,29-379,69,668,V
1058,Julita,Ciecierska,5,78-122,94,1273,I
1059,Natalia,Kosciuszko,5,58-922,215,1628,I
1060,Karina,Siwczynska,2,04-274,75,1035,III
1061,Katarzyna,Augustynik,2,14-721,170,3052,I
1062,Danuta,Bialecka,2,65-385,100,685,I
1063,Damian,Wanad,5,24-243,186,1651,I
1064,Michalina,Busz,2,81-133,73,639,IV
1065,Mateusz,Mrusz,2,66-008,179,1808,II
1066,Artur,Wolicz,5,85-266,185,2893,I
1067,Zygmunt,Czajkowski,3,22-654,56,2861,II
1068,Adam,Babecki,8,60-596,172,2536,I
1069,Patryk,Sowa,5,72-241,71,2922,IV
1070,Barbara,Czarnecka,2,38-959,147,2940,V
1071,Karolina,Biegajczyk,2,30-136,45,2054,I
1072,Kajetan,Kuzon,2,36-889,96,1249,I
1073,Kamil,Bajer,1,72-297,126,3074,I
1074,Jakub,Kucharczyk,3,13-220,121,2404,I
1075,Rafal,Turowski,5,53-858,148,1908,III
1076,Witold,Muraszkowski,2,96-497,116,1357,II
1077,Waclawa,Henka,2,00-137,220,799,III
1078,Janusz,Sekula,2,96-497,116,850,I
1079,Dariusz,Barcinski,5,39-551,83,1115,II
1080,Jerzy,Obornicki,2,91-488,91,2015,I
1081,Katarzyna,Hohenberg,2,67-547,201,1653,I
1082,Grzegorz,Wroclawski,5,82-082,129,1899,IV
1083,Anna,Kubiak,2,97-545,21,3222,I
1084,Adam,Kalka,2,24-983,158,427,I
1085,Andrzej,Blasik,2,47-553,111,2289,I
1086,Kuba,Sonarska,2,12-684,157,966,II
1087,Henryk,Macutkiewicz,9,13-220,121,2086,III
1088,Irmina,Kilen,3,80-338,89,1985,I
1089,Malgorzata,Pietrzyk,3,27-535,99,3243,I
1090,Kazimiera,Sobiecka,2,51-637,194,1402,I
1091,Rafal,Wierzbicki,1,72-241,71,2823,I
1092,Anna,Witek,8,12-684,157,2729,I
1093,Martyna,Lamorska,7,99-436,202,740,I
1094,Elzbieta,Matczak,2,72-241,71,1528,V
1095,Lucyna,Wojciechowska,3,24-243,186,2806,III
1096,Dorota,Chenowska,3,84-043,125,2956,I
1097,Juliusz,Piechocki,5,65-458,44,3134,IV
1098,Zbigniew,Stypula,5,05-563,38,1878,I
1099,Maciej,Rojkiewicz,3,82-082,129,2143,I
1100,Agnieszka,Kaczmarczyk,9,14-721,170,2348,I
1101,Barbara,Swiegoda,5,72-241,71,2919,I
1102,Natasza,Duda,9,77-187,169,2125,III
1103,Elzbieta,Matuszewska,2,65-385,100,1140,I
1104,Anna,Stefanska,2,42-081,167,2185,I
1105,Franciszek,Bartoszek,3,89-735,159,1232,I
1106,Marta,Arast,5,29-724,218,1470,I
1107,Maria,Chojnacka,4,83-236,4,1239,I
1108,Wojciech,Gorski,2,62-407,163,2548,III
1109,Lucyna,Sokolowska,1,62-560,192,2832,V
1110,Bronislaw,Wozniak,5,60-596,172,2796,I
1111,Angelika,Mrozek,3,87-348,187,2291,IV
1112,Edward,Malinowski,3,26-607,191,3265,I
1113,Izabella,Beniowska,3,83-271,39,3322,I
1114,Aneta,Basista,5,04-419,140,2579,I
1115,Agata,Altman,5,92-050,59,2584,I
1116,Adelajda,Nucinska,2,87-348,187,1289,V
1117,Witold,Mus,5,53-807,31,1912,V
1118,Przemyslaw,Lipert,2,14-322,104,1929,II
1119,Adam,Beben,2,02-635,78,2162,I
1120,Roksana,Kajka,2,99-754,80,2036,II
1121,Dominika,Pudlowicz,2,72-241,71,2824,I
1122,Aleksy,Rebacz,5,54-632,10,2784,I
1123,Zygfryd,Klimczyk,5,19-255,130,1955,I
1124,Boguslawa,Ostrowska,5,24-243,186,2466,V
1125,Celina,Bekasiewicz,8,92-050,59,1526,I
1126,Marcin,Pawlowski,3,12-684,157,2438,II
1127,Elzbieta,Czwartek,3,97-545,21,2846,I
1128,Jan,Bialek,2,47-553,111,1686,I
1129,Robert,Zalesiak,3,21-258,79,1115,I
1130,Adrianna,Wojtczak,4,33-294,90,2847,I
1131,Aniela,Dymek,7,26-607,191,2207,IV
1132,Marek,Zawodnik,3,72-241,71,3294,I
1133,Antoni,Kaber,5,82-082,129,2522,I
1134,Grzegorz,Serocki,3,06-355,138,2664,I
1135,Iwona,Kedrak,2,53-780,65,3062,III
1136,Tomasz,Janowski,7,26-607,191,2163,II
1137,Izabella,Chorzowik,2,96-497,116,2409,I
1138,Stanislaw,Zelazko,2,14-322,104,1363,V
1139,Karolina,Wozniakiewicz,2,99-436,202,2909,I
1140,Wioletta,Zawadzka,2,47-222,195,2254,II
1141,Danuta,Jachimowicz,5,78-003,47,705,I
1142,Hanna,Bidowska,2,84-273,207,2551,I
1143,Magdalena,Klekowska,5,00-995,212,2511,I
1144,Anna,Michajlow,5,90-749,88,2312,I
1145,Bartosz,Tomaszewski,3,99-436,202,1511,II
1146,Filip,Zukowski,2,12-684,157,1740,I
1147,Jadwiga,Graniecka,2,60-596,172,1499,I
1148,Dorota,Kozikowska,3,01-685,182,2928,I
1149,Mariusz,Adamowiczek,2,30-136,45,2393,I
1150,Marta,Berakowska,4,66-008,179,1850,I
1151,Kacper,Sokolowski,5,79-726,103,1241,II
1152,Janusz,Sapek,3,84-043,125,1160,II
1153,Zofia,Glapa,5,58-922,215,600,I
1154,Aleksandra,Koszewska,5,72-241,71,700,I
1155,Jadwiga,Chaberow,2,67-566,110,2396,I
1156,Tomasz,Gates,8,27-938,2,1421,II
1157,Wiktoria,Wieczorek,5,76-939,193,2186,V
1158,Patrycja,Borna,5,53-324,213,1500,II
1159,Szymon,Brandys,2,34-607,82,2119,II
1160,Michal,Zwierzynski,5,21-327,55,1370,I
1161,Dyta,Nowakowska,2,09-823,145,1435,V
1162,Anna,Sabat,5,15-658,171,1223,I
1163,Beata,Gajewska,5,67-738,63,455,I
1164,Michal,Kupiec,5,27-938,2,936,II
1165,Elzbieta,Lubanska,1,60-915,102,2715,I
1166,Dariusz,Konczak,2,65-385,100,2351,I
1167,Stefan,Blazejczyk,5,56-921,62,1799,II
1168,Malgorzata,Zielinska,5,27-702,135,1345,V
1169,Julia,Adamiak,2,69-501,7,2254,I
1170,Michal,Bujak,5,87-348,187,1454,I
1171,Stefan,Lipski,5,27-702,135,2529,II
1172,Krzysztof,Wachowicz,3,53-807,31,1928,I
1173,Seweryn,Kubica,8,00-995,212,2831,II
1174,Kamil,Wojcicki,5,53-807,31,1354,III
1175,Tomasz,Aniol,7,09-006,162,1824,II
1176,Judyta,Krawiec,5,74-768,156,2911,V
1177,Wojciech,Mielczarek,2,96-497,116,1485,III
1178,Malgorzata,Janiszewska,3,51-637,194,3127,II
1179,Ewa,Pawluk,1,62-834,197,3218,I
1180,Izabella,Olszewska,9,16-549,133,2183,I
1181,Wojciech,Bartus,2,89-735,159,1185,I
1182,Borys,Krolikiewicz,5,38-959,147,2506,I
1183,Anna,Dziwak,2,00-355,153,2519,I
1184,Monika,Nocun,2,24-983,158,1744,I
1185,Jolanta,Dworek,7,66-219,149,2126,I
1186,Marcin,Rusin,3,27-702,135,2578,IV
1187,Rafal,Eminowicz,2,72-297,126,2555,IV
1188,Wiga,Debska,3,27-535,99,523,II
1189,Zbigniew,Adamczyk,2,62-834,197,2121,III
1190,Stanislaw,Pigulski,3,67-566,110,1340,II
1191,Kinga,Pisarska,9,67-738,63,2716,I
1192,Wojciech,Jagodzinski,5,65-385,100,818,V
1193,Marcin,Cwikowski,5,87-348,187,1144,III
1194,Witold,Czarnecki,1,81-133,73,3010,II
1195,Ewa,Szczublewska,2,34-734,34,420,I
1196,Celina,Tomaszewska,5,24-243,186,872,V
1197,Robert,Oleszko,5,37-997,20,1922,III
1198,Alicja,Kwasniak,3,09-428,5,1860,V
1199,Ewa,Wasiak,2,29-724,218,2653,I
1200,Jakub,Szczepanski,5,43-045,77,1120,I
1201,Julita,Burza,5,72-241,71,882,II
1202,Anna,Szendzielorz,3,28-103,196,2403,I
1203,Grzegorz,Misiek,5,04-834,42,3156,III
1204,Rafal,Szkwarek,3,14-322,104,2859,IV
1205,Agnieszka,Malicka,2,22-654,56,644,I
1206,Anna,Milewska,3,87-348,187,1430,I
1207,Mikolaj,Hejdysz,3,15-658,171,1373,I
1208,Maciej,Skoczylas,2,96-497,116,1809,I
1209,Tomasz,Szymik,5,67-738,63,2629,V
1210,Anastazja,Haszczyc,5,92-050,59,2724,IV
1211,Klaudiusz,Sokolowski,8,80-339,18,1207,III
1212,Dorota,Szymanek,5,82-082,129,1364,I
1213,Maja,Jedrzejczyk,2,92-050,59,838,I
1214,Tomasz,Adamiecki,1,30-136,45,661,II
1215,Dominik,Rolla,5,51-783,50,3078,I
1216,Beata,Podlaska,2,72-241,71,354,I
1217,Boguslaw,Olszewski,2,37-997,20,1256,II
1218,Alicja,Strojna,2,69-501,7,2838,I
1219,Anna,Konieczna,7,62-182,209,992,III
1220,Jadwiga,Przybylska,5,15-658,171,2199,I
1221,Adrian,Banaszczyk,5,95-306,68,697,I
1222,Anna,Mikocka,2,14-461,161,1680,II
1223,Karol,Abramczyk,2,14-721,170,2638,I
1224,Anna,Miecznikowska,10,89-735,159,955,V
1225,Beata,Ciechanowicz,4,84-043,125,1778,V
1226,Anna,Kaminska,3,94-896,13,1960,IV
1227,Piotr,Jaworski,2,49-345,150,2303,I
1228,Daniel,Felinski,2,14-721,170,2268,I
1229,Natalia,Sobolewska,3,62-049,66,2408,I
1230,Tomasz,Wozniak,2,42-081,167,1695,III
1231,Zofia,Sikora,5,30-136,45,1866,II
1232,Helena,Bliszczyk,2,47-553,111,2104,I
1233,Kacper,Klimka,4,21-857,203,2072,IV
1234,Ewelia,Basiak,3,65-885,164,1994,I
1235,Piotr,Nowak ,3,85-266,185,3039,II
1236,Ewa,Biel,3,27-535,99,2416,I
1237,Dominik,Balik,2,81-133,73,1068,II
1238,Marcin,Kowalski,5,75-361,180,3197,V
1239,Izaak,Gawron,5,62-560,192,1231,I
1240,Michal,Piwonski,5,14-322,104,2417,I
1241,Joanna,Nowak,8,52-964,35,2178,I
1242,Ewa,Niewiarowska,5,89-735,159,2722,I
1243,Walenty,Rutkowski,5,47-222,195,890,IV
1244,Roman,Jarosz,8,66-251,74,2129,III
1245,Lukasz,Kotala,3,26-594,86,653,II
1246,Bartlomiej,Konny,5,37-997,20,2964,IV
1247,Janina,Giza,2,81-133,73,3335,I
1248,Dorota,Chojnacka,2,14-322,104,2107,III
1249,Bogdan,Nowakowski,3,91-525,211,1290,I
1250,Pawel,Krol,3,83-544,206,1109,V
1251,Henryk,Walczak,3,66-008,179,3035,III
1252,Stefan,Tomkow,5,24-983,158,3197,II
1253,Ireneusz,Banaszkiewicz,9,04-834,42,1251,I
1254,Zofia,Gala,3,58-922,215,2861,II
1255,Juliusz,Linek,2,18-459,76,1244,I
1256,Franciszek,Kosiorowski,5,62-813,124,1470,III
1257,Anna,Sobol,2,78-122,94,1204,I
1258,Dariusz,Reszczynski,2,72-297,126,1048,I
1259,Karol,Furmanik,8,89-735,159,2387,I
1260,Krystian,Pieniak,2,09-006,162,1949,I
1261,Wladyslaw,Olcha,5,90-535,190,1117,III
1262,Aleksandra,Majewska,3,84-043,125,2206,I
1263,Jan,Kowalewicz,5,71-608,210,2283,I
1264,Krystyna,Barszczyk,2,98-902,173,2407,I
1265,Lidia,Juzak,2,15-658,171,1073,III
1266,Joanna,Bilska,3,81-133,73,2807,I
1267,Maciej,Cisasny,3,49-345,150,1739,II
1268,Malwina,Manna,3,11-608,43,3161,III
1269,Monika,Antoszewska,2,99-773,214,2847,I
1270,Andrzej,Konik,2,27-702,135,1498,IV
1271,Rafal,Kucharski,10,76-939,193,1345,II
1272,Natalia,Rybinska,2,14-322,104,2872,I
1273,Zygmunt,Jablonski,3,71-890,160,1185,IV
1274,Jolanta,Tomczak,1,60-596,172,3335,I
1275,Andrzej,Kononowicz,3,99-754,80,2730,IV
1276,Zygmunt,Szczygielski,2,83-630,123,2500,II
1277,Karolina,Michalec,5,92-050,59,2797,I
1278,Marcin,Bydgoski,2,89-362,12,578,I
1279,Irena,Banaczek,3,12-684,157,3085,I
1280,Adam,Bodny,2,89-735,159,1207,IV
1281,Michal,Krzysztofinski,5,42-081,167,2642,V
1282,Borys,Zimnowoda,2,72-241,71,1058,I
1283,Tadeusz,Sadowski,5,68-101,25,1003,II
1284,Paulina,Chaberek,3,13-345,184,2806,I
1285,Izabella,Wlodarczak,2,96-087,11,1069,I
1286,Anna,Potocka,8,00-995,212,1593,I
1287,Jedrzej,Kurzawinskai,5,92-050,59,3296,V
1288,Roksana,Sokolowska,2,76-939,193,2430,V
1289,Malgorzata,Albert,5,66-008,179,440,I
1290,Sabina,Krakowiak,5,63-587,106,2800,II
1291,Tadeusz,Terlecki,5,85-266,185,546,II
1292,Lech,Smolarz,5,33-160,127,1255,I
1293,Jacek,Huzar,10,97-545,21,1559,V
1294,Izabella,Wreczycka,8,62-813,124,1873,V
1295,Dariusz,Kratka,3,51-394,60,2509,I
1296,Krystyna,Charkow,3,34-607,82,398,I
1297,Ewelina,Korczak,5,83-544,206,2906,I
1298,Mikolaj,Szala,1,85-266,185,2325,I
1299,Dorota,Boszcz,5,96-087,11,2162,I
1300,Edmund,Malborski,8,89-735,159,681,I
1301,Michalina,Mol,2,83-630,123,2081,IV
1302,Marcin,Wolak,2,12-684,157,775,II
1303,Gorzegorz,Turek,5,86-116,26,2498,I
1304,Alicja,Kwiecinska,2,81-133,73,632,I
1305,Alfred,Babalewski,2,80-339,18,2451,I
1306,Matylda,Marzec,5,78-122,94,2995,II
1307,Rafal,Ramotowski,2,60-596,172,861,IV
1308,Kinga,Pogoda,2,11-608,43,3213,I
1309,Kamil,Sokolowski,5,68-101,25,1845,V
1310,Andrzej,Barabuk,4,97-545,21,1227,I
1311,Agnieszka,Kapuscinska,3,84-043,125,2227,II
1312,Edmund,Salezy,5,18-286,155,990,I
1313,Ryszard,Baranek,5,14-095,128,1047,I
1314,Tomasz,Krolikiewicz,2,13-220,121,2856,III
1315,Wiktor,Holynski,2,09-006,162,2522,V
1316,Kazimierz,Celejewski,2,99-436,202,568,I
1317,Jaroslaw,Szturc,3,00-355,153,3131,I
1318,Kamil,Klimintowicz,5,76-235,22,2101,III
1319,Jerzy,Zambrowicz,2,36-844,72,515,I
1320,Jakub,Magielewski,2,62-407,163,3116,I
1321,Adrian,Misztal,5,27-702,135,3349,I
1322,Maciej,Babicz,5,51-637,194,1645,IV
1323,Barbara,Barska,5,82-082,129,1047,IV
1324,Krystyna,Boss,5,96-703,16,3040,I
1325,Tomasz,Hubisz,5,49-345,150,1470,I
1326,Eleonora,Gregoruk,5,24-983,158,1150,I
1327,Zbigniew,Rodek,7,12-684,157,1357,II
1328,Wlodzislaw,Wojtowicz,3,72-241,71,807,V
1329,Marek,Liderski,9,38-932,183,2536,I
1330,Zofia,Nowak ,5,49-345,150,434,I
1331,Karol,Banach,5,84-273,207,2840,I
1332,Franciszek,Dziedzic,5,28-103,196,2312,I
1333,Mariola,Kucharska,5,96-497,116,373,I
1334,Michal,Batorowicz,3,38-932,183,1287,I
1335,Aleksandra,Piotrowska,2,79-726,103,1210,I
1336,Jaroslaw,Matusz,10,24-983,158,2156,V
1337,Krystyna,Zukowska,3,43-210,49,1150,I
1338,Witold,Witkowski,2,38-932,183,2162,II
1339,Edward,Balowski,5,30-698,152,1187,I
1340,Jan,Wilczek,2,78-122,94,1387,I
1341,Krystian,Szatylowicz,7,43-586,154,2564,V
1342,Ewelina,Paca,3,83-630,123,350,I
1343,Adam,Piotrowski,9,89-362,12,3121,V
1344,Anna,Rolek,2,87-348,187,615,II
1345,Grzegorz,Kalamar,5,47-553,111,412,II
1346,Jan,Witaj,5,53-614,1,400,I
1347,Magdalena,Antos,2,12-684,157,430,I
1348,Joanna,Wasowicz,5,56-545,9,757,I
1349,Przemyslaw,Dobrzynski,7,62-049,66,2648,I
1350,Piotr,Kisielewicz,3,79-972,216,3026,I
1351,Jerzy,Banan,3,69-501,7,1463,I
1352,Rafal,Blocki,2,38-932,183,2425,I
1353,Bartosz,Bek,5,87-348,187,669,I
1354,Piotr,Bentkowski,5,65-885,164,2587,I
1355,Bernard,Kregiel,2,89-735,159,2289,I
1356,Malgorzata,Cichawa,5,07-772,33,1949,II
1357,Danuta,Pietruszka,4,22-654,56,918,I
1358,Andrzej,Korzeniewski,2,09-006,162,3116,I
1359,Zofia,Bakus,5,04-274,75,945,II
1360,Miron,Symanski,4,84-043,125,3075,V
1361,Witold,Kornacki,3,96-497,116,2770,I
1362,Mikolaj,Grochalski,1,85-266,185,1047,I
1363,Marcin,Walczak,5,47-222,195,2063,V
1364,Jacek,Rynkiewicz,3,71-890,160,1578,I
1365,Marcin,Janeczek,2,49-345,150,628,IV
1366,Halina,Bajerek,3,96-087,11,2047,I
1367,Dominik,Zelechowski,7,15-308,139,2926,I
1368,Antoni,Buchalterz,2,84-043,125,1308,III
1369,Joanna,Majeczek,2,11-608,43,3060,I
1370,Patrycja,Majka,9,38-932,183,783,I
1371,Bronislawa,Zwozniak,2,62-560,192,2009,III
1372,Lukasz,Ostrobramski,2,87-348,187,2376,II
1373,Piotr,Baranski,2,80-338,89,2861,I
1374,Barbara,Kaczmarek,2,80-338,89,2792,II
1375,Adam,Warka,3,89-735,159,1217,II
1376,Ewa,Pustelnik,1,26-607,191,1449,I
1377,Jerzy,Soplica,4,52-964,35,2472,I
1378,Wojciech,Kaminski,5,26-607,191,587,V
1379,Boguslawa,Sawicka,4,96-087,11,2168,V
1380,Wincenty,Pohorecki,6,49-345,150,1619,II
1381,Maciej,Proniewicz,2,98-902,173,1252,III
1382,Wislawa,Slonina,3,94-560,87,2012,IV
1383,Danuta,Krak,2,81-133,73,2171,I
1384,Janusz,Wrobel,5,38-932,183,3234,V
1385,Marek,Poludniak,8,57-943,137,1569,V
1386,Hanna,Karska,5,66-219,149,1912,I
1387,Patrycja,Dona,3,15-658,171,2571,I
1388,Szymon,Kulik,1,89-362,12,834,I
1389,Sonia,Kozubik,5,51-637,194,768,I
1390,Mikolaj,Mela,5,65-385,100,2192,III
1391,Ewelina,Rykala,3,04-834,42,1236,I
1392,Jedrzej,Banas,5,91-488,91,2002,V
1393,Beata,Myrcik,5,14-721,170,2330,III
1394,Anna,Ostrowska,5,04-274,75,622,I
1395,Henryka,Blizna,7,38-932,183,3006,II
1396,Cecylia,Jaskolska,1,26-594,86,3050,III
1397,Piotr,Siudut,5,27-535,99,2195,I
1398,Arnold,Bandera,8,04-274,75,500,I
1399,Janusz,Slomski,3,66-251,74,2778,III
1400,Alicja,Gorniak,10,36-984,46,658,I
1401,Lukasz,Bajor,2,83-294,198,1527,I
1402,Grzegorz,Zaba,5,16-549,133,1006,III
1403,Patryk,Zychowicz,2,71-890,160,2391,I
1404,Malgorzata,Bedka,2,51-637,194,2494,II
1405,Zygmunt,Augustyniak,9,53-807,31,2006,II
1406,Adam,Grzmot,2,27-702,135,890,V
1407,Jolanta,Guryn,2,96-497,116,2391,I
1408,Joanna,Warzecha,2,86-116,26,833,III
1409,Alina,Nowak,3,98-839,24,1234,I
1410,Piotr,Papier,2,18-286,155,987,I
1411,Patrycja,Fleisch,7,80-339,18,585,I
1412,Adam,Cichowas,5,21-405,70,2865,I
1413,Dominika,Kierat,2,47-222,195,1493,I
1414,Piotr,Targosz,3,70-071,19,2597,I
1415,Michal,Szmigin,5,38-932,183,3126,III
1416,Antoni,Graczyk,2,49-345,150,2209,IV
1417,Malgorzata,Balinska,2,10-656,37,1709,I
1418,Justyna,Sliwinska,2,04-274,75,2818,I
1419,Witold,Kowal,3,85-266,185,2591,II
1420,Beata,Rejkowicz,2,84-043,125,1822,I
1421,Marta,Bajerka,5,42-081,167,2757,I
1422,Karolina,Krynicka,5,00-355,153,962,I
1423,Zofia,Cybulska,3,34-607,82,2100,II
1424,Kacper,Gajdemski,5,38-959,147,2793,III
1425,Adam,Prokop,2,94-706,51,898,I
1426,Kleopatra,Janska,5,85-266,185,724,I
1427,Jadwiga,Balcerowska,5,75-361,180,1158,I
1428,Joanna,Podczasiak,4,07-772,33,921,I
1429,Hanna,Cabaj,5,72-241,71,2281,V
1430,Katarzyna,Komar,5,27-702,135,2969,I
1431,Pawel,Zmelty,2,60-596,172,397,I
1432,Adam,Kral,3,65-885,164,2164,I
1433,Kajetan,Szczepanski,2,60-596,172,2369,IV
1434,Adrian,Badera,7,42-081,167,2481,I
1435,Adelajda,Czerwinska,5,85-266,185,2940,III
1436,Alina,Miekus,2,60-596,172,896,I
1437,Lidia,Sroda,2,47-222,195,1577,IV
1438,Alicja,Danek,5,87-348,187,787,I
1439,Danuta,Muniak,5,13-220,121,1924,I
1440,Natalia,Zawalinska,2,27-535,99,1082,I
1441,Emila,Florek,5,09-592,141,2316,I
1442,Adam,Lewik,3,96-087,11,2728,IV
1443,Jadwiga,Duzy,2,28-103,196,2256,I
1444,Kacper,Billa,4,72-241,71,2354,IV
1445,Jan,Witaszczyk,5,29-724,218,973,V
1446,Michal,Katon,5,15-658,171,689,IV
1447,Janusz,Rys,2,36-478,32,1216,V
1448,Celina,Bednarska,3,99-773,214,1264,I
1449,Jan,Majewski,2,86-116,26,2899,I
1450,Janina,Witarek,1,64-542,113,1863,I
1451,Karolina,Rogowska,7,33-160,127,3050,I
1452,Oskar,Ploszaj,5,18-459,76,1257,II
1453,Anna,Marciniak,5,62-049,66,3038,V
1454,Arkadiusz,Pyzikowski,5,42-081,167,2036,III
1455,Marcin,Szumowski,2,53-807,31,1310,I
1456,Anastazja,Czarnecka,5,72-241,71,1700,II
1457,Leszek,Bareczek,1,84-043,125,2922,I
1458,Beata,Pogonska,1,21-258,79,2983,IV
1459,Klaudia,Dziarska,4,60-915,102,1945,V
1460,Zofia,Mazowiecka,8,12-684,157,1965,II
1461,Rafal,Radwan,2,76-179,41,2914,IV
1462,Karolina,Dabrowka,3,80-436,143,2145,I
1463,Kinga,Winkler,5,62-560,192,2655,I
1464,Brygida,Molikiewicz,3,62-560,192,725,I
1465,Adam,Wojtas,2,09-006,162,1906,I
1466,Anna,Balcerek,1,76-939,193,1624,I
1467,Nicola,Oleksza,3,86-116,26,381,I
1468,Walery,Susel,2,62-813,124,2097,III
1469,Janusz,Tkaczyk,5,13-220,121,633,I
1470,Maria,Bujaczka,2,62-813,124,1216,I
1471,Olgierd,Rokpol,4,37-640,23,3348,I
1472,Adrianna,Wojtas,3,34-607,82,2746,II
1473,Jan,Orlowski,2,83-630,123,1314,I
1474,Marcin,Budzisz,2,11-608,43,1837,I
1475,Adrianna,Tarara,4,72-241,71,3255,II
1476,Anna,Marchlewska,5,96-497,116,385,I
1477,Kamil,Tusinski,5,69-786,132,1663,IV
1478,Mateusz,Pyla,5,70-071,19,2902,III
1479,Halina,Fido,2,38-932,183,3069,IV
1480,Magdalena,Sznyrowska,2,09-006,162,1096,I
1481,Martyn,Milek,3,40-643,67,1363,IV
1482,Janina,Ciechanowicz,4,72-241,71,2829,I
1483,Alicja,Chrzan,8,33-056,52,1489,I
1484,Andrzej,Bawar,5,62-560,192,1189,I
1485,Patryk,Barcikowski,2,75-727,28,2031,I
1486,Ewelina,Marzec,2,66-008,179,1993,II
1487,Laura,Ochota,5,83-544,206,1622,I
1488,Ewelina,Chojna,7,27-938,2,355,I
1489,Zbigniew,Fijas,2,18-286,155,2746,II
1490,Grazyna,Sikorowicz,2,76-939,193,505,I
1491,Ireneusz,Szydlak,2,76-939,193,1971,II
1492,Malgorzata,Bronicz,5,05-563,38,2290,I
1493,Paulina,Malecka,10,04-834,42,2037,I
1494,Krystian,Dunaj,2,26-607,191,2634,V
1495,Zbigniew,Milion,8,80-339,18,545,II
1496,Alan,Nieszporek,2,91-786,122,1921,I
1497,Wanda,Barabasz,3,87-348,187,1227,II
1498,Dawid,Adamek,2,92-050,59,1512,I
1499,Ewa,Malkowska,2,53-780,65,1388,I
1500,Paulina,Andruszewska,2,83-630,123,766,I
1501,Elzbieta,Kosinska,2,58-930,97,2455,I
1502,Artur,Biankowski,5,43-586,154,577,I
1503,Malgorzata,Podsiadlo,2,43-141,27,1164,I
1504,Wioletta,Oliwa,5,94-706,51,762,III
1505,Eustachy,Czyrnek,2,81-133,73,536,IV
1506,Boguslawa,Kowalska,2,89-362,12,2453,III
1507,Antoni,Rutkowski,5,26-607,191,3173,I
1508,Michal,Kowalski,2,69-501,7,2706,V
1509,Agnieszka,Æmiel,3,98-902,173,2319,I
1510,Wieslaw,Helski,2,28-103,196,534,II
1511,Aleksy,Domagalik,4,54-632,10,1749,II
1512,Katarzyna,Ogrodniczak,7,83-294,198,1421,III
1513,Maciej,Kaminski,2,52-964,35,1509,III
1514,Bronislaw,Chwala,5,26-607,191,1032,I
1515,Jozafat,Marcinkiewicz,2,97-023,48,3054,III
1516,Miron,Mewa,5,43-045,77,2311,V
1517,Zofia,Piwowarczyk,1,72-297,126,1206,V
1518,Jakub,Grzybowski,7,04-274,75,2915,I
1519,Janusz,Kowalonek,7,11-608,43,1974,II
1520,Teresa,Wrobel,3,62-813,124,2341,IV
1521,Karolina,Kryniewska,3,38-932,183,795,I
1522,Sergiusz,Migdalowski,5,72-241,71,2008,IV
1523,Tomasz,Gwozdziewicz,2,43-210,49,1995,II
1524,Ryszard,Lubaszka,2,00-995,212,1399,II
1525,Jakub,Wilinski,2,38-932,183,1525,III
1526,Tadeusz,Sienkiewicz,2,18-665,165,3207,II
1527,Jakub,Hajdukiewicz,5,14-721,170,1627,I
1528,Ilona,Banasiewicz,5,82-082,129,2796,I
1529,Slawomir,Balcerowski,2,14-721,170,1236,II
1530,Tomasz,Witas,2,46-174,208,2728,II
1531,Slawomir,Kominiarz,5,87-348,187,1882,V
1532,Krystyna,Damska,2,85-266,185,1502,I
1533,Jan,Oleksy,3,98-839,24,3180,III
1534,Agata,Najowicz,5,09-823,145,2951,I
1535,Agata,Rakulska,5,83-630,123,1824,I
1536,Wiktor,Buczkowski,5,96-087,11,1267,II
1537,Alicja,Kraus,3,98-650,61,3162,I
1538,Michal,Polak,4,83-294,198,1720,I
1539,Henryk,Barylka,2,18-286,155,2909,I
1540,Barbara,Wolej,3,72-297,126,1795,I
1541,Adelajda,Klimczyk,5,09-006,162,1932,II
1542,Kamil,Baranowski,2,76-179,41,2743,I
1543,Dawid,Kruk,3,19-255,130,810,I
1544,Anna,Kowalska,5,72-297,126,1612,I
1545,Robert,Zalewicz,3,19-255,130,784,II
1546,Rafal,Swiderski,3,72-241,71,1310,I
1547,Edyta,Rebajn,7,24-983,158,801,I
1548,Klara,Sokolowska,3,98-902,173,557,V
1549,Barbara,Josiak,5,56-921,62,3281,I
1550,Beata,Walczak,5,38-932,183,986,IV
1551,Beata,Rompalska,5,72-241,71,2272,I
1552,Krystiana,Wolna,2,72-438,118,2215,III
1553,Anna,Rozalska,5,72-297,126,471,I
1554,Czeslaw,Kawa,2,11-608,43,3138,I
1555,Dorota,Lichwa,3,22-654,56,1005,I
1556,Mateusz,Kozlowski,1,36-984,46,3332,I
1557,Mateusz,Ceglarz,4,66-251,74,771,I
1558,Andrzej,Balicki,2,83-977,115,2463,I
1559,Halina,Malewska,5,83-294,198,2999,V
1560,Bartosz,Pawlik,1,00-995,212,2115,I
1561,Marek,Majcher,2,78-003,47,3128,I
1562,Rafal,Wozny,5,16-386,168,1187,II
1563,Mieczyslaw,Zuchowski,2,34-607,82,1745,I
1564,Ziemowit,Szczepanski,1,00-137,220,1834,III
1565,Anna,Pankiewicz,5,62-813,124,2463,I
1566,Zbigniew,Ostrowski,2,76-939,193,2095,II
1567,Daria,Antonkiewicz,5,60-596,172,848,I
1568,Renata,Chyla,3,91-786,122,3318,II
1569,Karina,Urban,5,27-938,2,1392,II
1570,Anna,Dudek,1,00-137,220,3196,II
1571,Piotr,Chwalek,9,18-286,155,982,I
1572,Zygfryd,Lechowski,2,18-459,76,2032,I
1573,Irena,Calka,5,96-087,11,3103,I
1574,Karol,Wiercioch,2,00-425,8,1875,III
1575,Tomasz,Cwierz,5,03-065,29,666,IV
1576,Adam,Kanarek,4,14-742,64,1134,I
1577,Beata,Tyliba,5,90-535,190,3223,IV
1578,Ewa,Bartosz,1,00-355,153,2717,I
1579,Piotr,Smietanski,2,51-394,60,3233,IV
1580,Slawomir,Malcharek,2,19-255,130,607,II
1581,Lechoslaw,Bitwa,1,84-273,207,1641,I
1582,Aleksander,Polak,2,65-885,164,1516,I
1583,Janusz,Kmicic,2,69-501,7,1121,I
1584,Cezar,Pawlak,3,89-362,12,1693,I
1585,Mateusz,Symanski,2,96-497,116,955,V
1586,Maria,Kazmierowska,2,09-823,145,859,I
1587,Mateusz,Szwaja,9,65-458,44,649,I
1588,Ewa,Laczna,3,09-823,145,2539,V
1589,Irena,Magiera,2,85-266,185,1898,I
1590,Pawel,Jakubowski,4,92-577,101,1145,II
1591,Karol,Szymanski,2,66-251,74,2706,I
1592,Adam,Nieweglowski,5,42-081,167,2497,I
1593,Leszek,Kieslowski,5,37-640,23,1190,I
1594,Piotr,Bielawa,3,81-084,146,3047,I
1595,Konstantyn,Sokolowski,3,79-726,112,1293,III
1596,Lech,Balickiewicz,5,04-274,75,2987,I
1597,Marek,Kwolek,2,12-684,157,2982,I
1598,Anna,Galaszewska,2,84-273,207,3016,I
1599,Agnieszka,Garbaczyk,2,97-023,48,2910,I
1600,Laura,Cedro,5,38-959,147,2764,I
1601,Rita,Pieczenczyk,2,00-137,220,2229,II
1602,Waclawa,Borkowska,3,75-361,180,1683,I
1603,Adrian,Melnik,2,82-082,129,424,I
1604,Anna,Czernicka,2,37-873,53,2437,I
1605,Czeslaw,Balonski,1,96-497,116,629,I
1606,Agnieszka,Banczak,3,53-306,30,2368,I
1607,Oskar,Piekarski,3,15-308,139,401,II
1608,Wieslaw,Mazurek,3,43-586,154,2574,II
1609,Walenty,Mondkiewicz,3,62-813,124,1793,III
1610,Mateusz,Felerski,5,94-706,51,2355,I
1611,Roza,Zawodna,7,97-023,48,2291,III
1612,Wladyslawa,Bijak,2,47-222,195,1271,V
1613,Bozena,Chechelska,5,72-241,71,870,I
1614,Adam,Sasimski,7,65-885,164,2957,I
1615,Julianna,Abacka,3,95-306,112,2583,IV
1616,Krzysztof,Chojnacki,5,26-607,191,2422,I
